pmi	raw_freq	raw_co	cw
-0.7183027	62265	47	's/adv
0.11223903	1183	2	12-jarige/adj
-1.5390797	30549	10	15/noun
-0.16465455	7643	10	1980/noun
-0.81618536	51305	35	1998/noun
-0.32693365	26354	29	2004/noun
-1.3632535	5141	2	21-jarige/adj
3.799758	363	25	A_merk/noun
0.39163226	16737	38	Afrikaans/adj
0.20496865	231449	431	Amerikaans/adj
-0.25362995	49844	58	Amsterdams/adj
1.4270993	7188	46	Aziatisch/adj
0.19516367	139420	258	Belgisch/adj
0.41008595	9655	22	Braziliaans/adj
-0.07545927	94154	132	Brits/adj
0.30367866	2881	6	Brusselaars/noun
1.0428165	27261	118	Chinees/adj
-0.19148864	35568	45	Engels/adj
0.8000026	7882	27	Europeaan/noun
-0.115131676	98844	134	Frans/adj
0.07467456	9059	15	Hollands/adj
0.9856502	10053	41	Iers/adj
-0.21230745	49706	61	Italiaans/adj
0.4664697	28973	70	Japans/adj
0.14077748	64503	113	Nederlander/noun
0.09637126	241254	403	Nederlands/adj
-0.31598637	2722	3	OCMW_voorzitter/noun
2.076211	3508	43	Oosteuropees/adj
1.5985938	527	4	Thai/noun
0.7043275	4183	13	Westers/adj
0.57158226	2571	7	Zuidamerikaans/adj
0.24245764	392664	772	aan/part
-0.1926653	2153601	2740	aan/prep
1.58385	95095	713	aandeel/noun
0.15529586	13337	24	aangenaam/adj
1.0761642	881	4	aangetrokken/adj
0.25192666	16143	32	aanmerking/noun
-0.13009626	235279	318	aantal/noun
-0.046154186	37821	56	aanvankelijk/adj
0.30029592	5306	11	aanwinst/noun
1.6804633	19714	163	aanzienlijk/adj
2.9650652	5198	155	abonnement/noun
-0.83399725	150814	101	achter/prep
-0.22169219	44503	55	activiteit/noun
1.7665691	445	4	advertentie_campagne/noun
-0.022422401	321541	484	af/part
-0.37325782	144650	153	afgelopen/adj
-0.6304544	3695	3	afrekening/noun
1.0955814	12666	58	afval/noun
-0.19491798	1066466	1357	al/adv
-0.3104706	73011	83	al/det
-0.01817987	176667	264	aldus/prep
-0.24892212	422543	508	alle/det
0.3872947	178364	407	alleen/adj
0.3470753	266562	583	alleen/adv
0.1171969	1724	3	allerijl/adv
0.03422762	209596	335	alles/noun
0.3326118	8324	18	alleszins/adv
-0.0078008445	1263756	1938	als/prep
0.87322724	13040	48	alternatief/adj
2.6476777	21590	469	alternatief/noun
0.35932368	292821	648	altijd/adv
1.3793398	2950	18	amusement/noun
0.891683	22107	83	analist/noun
0.21092439	663512	1268	ander/adj
0.19496427	16957	32	andere/adv
-0.45210832	5103	5	andermaal/adv
-0.063802965	142075	206	anders/adj
-0.1496755	27899	37	angst/noun
1.1518495	2682	13	antibioticum/noun
-0.10767595	2170	3	apart/adv
1.2258482	16586	87	appartement/noun
2.8327487	7284	191	arbeid/noun
4.782218	2121	390	arbeid_kracht/noun
1.4020039	23364	146	arm/adj
0.39430055	48055	94	artikel/noun
1.7799791	2939	27	assortiment/noun
1.1199887	124344	583	auto/noun
-0.18218952	6338	8	ban/noun
0.84192646	88074	314	bank/noun
0.8695408	543	2	bank_garantie/noun
0.23679143	8790	17	bar/noun
0.30797106	26993	57	basis/prep
-1.1674423	12733	6	basis_school/noun
1.4573065	2408	16	becijfer/verb
0.53096485	27767	73	bedenk/verb
0.8603518	10958	40	bedien/verb
0.07576791	50977	85	bedrag/noun
0.85231197	248130	894	bedrijf/noun
2.2355692	276	4	bedrijf_investering/noun
0.08536115	4194	7	beer/noun
-0.37546036	9454	10	beest/noun
-0.45490965	105186	103	begin/noun
-0.40151155	280945	289	begin/verb
0.5180533	27083	70	behandeling/noun
0.408999	8175	19	beheer/noun
0.48223296	22371	56	behoefte/noun
0.1464777	3348	6	behoud_voor/verb
1.5487386	36697	265	bel/verb
0.729777	8131	26	belachelijk/adj
-0.16681625	209497	274	belangrijk/adj
0.75157595	26803	87	belasting/noun
-0.9396842	1658	1	belasting_geld/noun
0.91176534	40499	154	belegger/noun
-0.25134167	4184	5	beloofd/adj
1.8700044	1005	10	bemand/adj
0.41230032	9938754	23138	ben/verb
3.048124	11883	386	ben_uit/verb
3.8577437	5786	413	benzine/noun
2.0210686	1110	13	benzine_motor/noun
2.2694705	1183	17	benzine_prijs/noun
1.7224573	11102	96	beperking/noun
0.4432521	33306	80	beperkt/adj
1.105421	640	3	bereidwillig/adj
1.1947312	3922	20	bereik/noun
-0.20491818	78177	98	bereik/verb
-0.3080112	1770	2	beroepsbevolking/noun
-0.05472106	4792	7	berust/verb
0.5300117	23428	61	bescherm/verb
-0.11817536	45143	62	beschik/verb
0.3552287	13231	29	beschikking/adj
-0.09433808	7786	11	besef/noun
-0.6386434	4934	4	besmet/verb
1.5957748	9944	75	bespaar/verb
0.68798155	32120	99	besta/adj
0.099915095	151384	258	besta/verb
1.0144793	13970	59	bestel/verb
1.088507	137583	626	betaal/verb
2.7958503	679	17	betaal_bij/verb
0.3682098	93316	209	beteken/verb
-0.4160098	51052	52	bevolking/noun
0.3314792	1863	4	bevroren/adj
0.36238325	35944	80	beweer/verb
0.5347139	4559	12	bewering/noun
0.2809686	5868	12	bewerk/verb
-0.02370588	1326	2	bewerkt/adj
-0.18438897	57450	73	bewoner/noun
-0.8772374	66821	43	bezig/adj
-0.66917855	71043	56	bezoeker/noun
0.91871256	5474	21	bezuinig/verb
-0.11316505	16954	23	bibliotheek/noun
0.8950015	86654	327	bied/verb
2.0170472	53920	624	bied_aan/verb
1.5315385	16911	120	bier/noun
-0.09741396	1803877	2517	bij/prep
0.17980234	192484	354	bijna/adv
1.7960579	321	3	bijproduct/noun
0.7886098	132829	454	bijvoorbeeld/adv
-1.3035938	2412	1	bijzonderheid/noun
-0.41292176	49935	51	binnen/part
-0.06481088	125900	182	binnen/prep
0.8886701	11148	41	binnenlands/adj
-0.01210439	28154	43	blad/noun
0.08175513	516893	860	blijf/verb
-0.39598677	11616	12	blijf_uit/verb
0.21066843	279801	535	blijk/verb
-1.2522224	11361	5	boeiend/adj
-0.12380828	157857	215	boek/noun
0.85372025	35548	128	boek/verb
0.504138	397	1	boek_week_geschenk/noun
-2.2430434	6125	1	boekjaar/noun
0.976204	30916	126	boer/noun
-0.13673887	20061	27	boot/noun
1.1466292	617	3	bout/noun
1.332603	57585	335	bouw/verb
1.0898236	1554	7	bouw_sector/noun
0.05704542	72337	118	boven/prep
1.2838817	145076	814	bovendien/adv
-0.77845186	1413	1	boventoon/noun
1.166134	201	1	braaksel/noun
2.868544	5612	152	brandstof/noun
0.04819338	243129	392	breng/verb
-0.8998122	21073	13	breng_over/verb
-0.23345627	4939	6	brok/noun
0.95041347	11300	45	brood/noun
0.48384297	1602	4	brouw/verb
1.9919946	3659	41	btw/noun
-0.8123043	11825	8	buit/noun
-0.6895066	38732	30	buiten/adv
0.16104908	67390	122	buiten/prep
1.437791	37877	245	buitenland/noun
1.0797411	52661	237	buitenlands/adj
0.050967757	1900	3	buitenschools/adj
0.81538403	37339	129	bus/noun
0.20511055	31203	59	campagne/noun
0.987973	39128	161	cd/noun
2.3936565	20028	336	cent/noun
-0.1732482	47812	62	centraal/adj
-1.1039429	3922	2	chaotisch/adj
0.14101353	4520	8	charme/noun
0.66153526	9739	29	chemisch/adj
-0.8322355	132758	89	club/noun
1.0243493	1169	5	coke/noun
-0.15021275	20292	27	collectie/noun
-0.4662037	67006	65	collega/noun
0.7817969	8323	28	compenseer/verb
2.6098478	4148	87	concurreer/verb
1.8846323	29463	299	concurrent/noun
2.1183555	28563	366	concurrentie/noun
2.2950945	29502	449	consument/noun
1.67211	4869	40	consumptie/noun
-0.93916	51208	31	contact/noun
-0.6867724	50462	39	controle/noun
-0.6771594	3838	3	coördineer/verb
0.2505339	274838	547	daar/adv
-0.21036051	272748	342	daar/noun
-0.55182624	388220	344	dag/noun
-0.05282137	51890	76	dagelijks/adj
0.16077612	3907	7	dakloze/noun
0.26234722	853168	1719	dan/adv
1.0541027	45766	202	dankzij/prep
0.24905509	1849436	3673	dat/det
0.026184259	552171	879	dat/pron
-0.009065625	28074105	42862	de/det
-0.2606707	150293	179	deel/noun
0.23017481	1576	3	defect/adj
2.7614305	700	17	deflatie/noun
1.0381559	13275	58	degelijk/adj
0.04382194	294025	475	denk/verb
2.3181162	448	7	derdewereldlanden/noun
-0.5659127	64045	56	deur/noun
2.0202456	946	11	devaluatie/noun
0.107689634	719674	1237	deze/det
0.22720034	97788	190	dezelfde/det
0.19735686	1365392	2579	die/det
0.0043216203	2519801	3924	die/pron
-0.6432788	49373	40	dier/noun
3.6586175	4115	243	diesel/noun
1.2698544	362	2	dinar/noun
-0.055775132	80601	118	ding/noun
-0.26137117	48699	58	direct/adj
3.286518	222	9	dis_counter/noun
-0.06698955	795783	1148	dit/det
0.25252888	25087	50	dit/noun
-0.09805881	731956	1023	doe/verb
0.038212534	18115	29	doe_aan/verb
-0.25169754	12475	15	doelstelling/noun
1.4913543	95858	651	dollar/noun
2.73167	852	20	dollar_koers/noun
-0.006012755	1310789	2012	door/prep
1.0510066	681	3	doorzie/verb
1.8391832	2478	24	draadloos/adj
0.09707553	52340	89	draai/verb
0.05966211	55729	90	dreig/verb
-0.6714598	19093	15	droog/adj
0.062605724	63359	104	druk/noun
0.7317163	257023	827	dus/adv
3.036618	61418	1956	duur/adj
1.5968248	7346	56	duur/noun
-0.8883925	12652	8	duw/verb
0.27086022	253480	513	echt/adj
0.33928478	72542	157	economisch/adj
0.10414596	11075723	18973	een/det
-0.03732543	16096	24	eenmaal/noun
-0.15230505	292605	388	eens/adv
1.9599367	36615	402	eenvoudig/adj
0.291354	484	1	eerbiedig/adj
-0.28912655	167651	194	eerder/adj
0.7373838	35928	116	effect/noun
4.1815605	356	36	effectbejag/noun
2.689941	12006	273	efficiënt/adj
0.13446605	316997	559	eigen/adj
0.19960164	12191	23	eigendom/noun
-0.102069534	117491	164	eigenlijk/adj
-0.96451324	97048	57	einde/noun
-0.023635136	9265	14	eindeloos/adj
1.426426	25883	166	elders/adv
2.454997	8431	151	elektriciteit/noun
-0.0434127	249085	368	elk/det
-0.58407634	218177	188	elkaar/pron
0.28954595	95251	197	enig/adj
-0.7186118	62482	47	enig/det
-0.3173373	319878	360	enkel/det
-0.02638538	71016	107	enorm/adj
-0.013181068	1744977	2665	er/adv
-0.0759224	665899	955	er/noun
-0.95218724	6801	4	eredivisie/noun
0.49489605	149936	380	erg/adj
0.29059646	26112	54	ergens/adv
-0.91622955	3243	2	ergste/adj
-1.3423797	49768	20	ernstig/adj
1.2039086	20259	104	eten/noun
1.2995692	357235	2001	euro/noun
2.9930673	6240	191	euro_cent/noun
0.03336535	172619	275	even/adj
0.24437892	38485	76	eveneens/adv
1.4252471	2514	16	exclusief/prep
0.026960114	12022	19	expert/noun
-0.5904626	2352	2	explodeer/verb
1.094511	3912	18	exploiteer/verb
2.3885534	601	10	export_product/noun
0.19249983	102779	191	extra/adj
0.6745833	5638	17	extra/noun
0.42007676	16207	38	extreem/adj
1.1338832	18397	88	fabriek/noun
1.9582645	12018	129	fabrikant/noun
1.2913086	4645	26	factuur/noun
-1.3001136	2388	1	familie_bedrijf/noun
-0.717444	36049	27	federaal/adj
-0.8925551	25446	16	festival/noun
-0.4634623	17675	17	fiets/verb
0.5746957	742	2	fijnproever/noun
0.16895209	101575	185	financieel/adj
1.760574	15945	143	fles/noun
1.0247566	4423	19	fles_DIM/noun
0.73296076	47698	153	flink/adj
0.713511	29537	93	fonds/noun
1.8793323	11410	115	formule/noun
1.218198	145606	753	frank/noun
1.2736667	1807	10	frekwent/adj
-0.85275877	36497	24	functie/noun
0.2996354	1440	3	fundering/noun
-0.4399935	4090	4	fuseer/verb
-0.041874755	1085158	1602	ga/verb
0.54757786	9733	26	ga_mee/verb
-0.4520807	23467	23	ga_op/verb
1.2621185	2400	13	garnaal/noun
1.1633917	12535	62	gauw/adj
1.0711559	49055	221	gebruik/noun
0.7786952	135616	456	gebruik/verb
1.8716254	200	2	gecharterd/adj
-1.252337	20318	9	gedurende/prep
-0.29406303	370341	425	geef/verb
-0.045250315	1048752	1540	geen/det
-0.1794714	782	1	gekneusd/adj
2.0339208	594	7	gekopieerd/adj
-1.1208442	7965	4	gekozen/adj
1.2607461	1655	9	gekwalificeerd/adj
0.77546054	203976	682	geld/noun
2.3734508	305	5	geliberaliseerde/adj
-0.19379143	13374	17	geliefd/adj
-1.459918	11200	4	gelijk/part
-1.1911565	10627	5	gelijkmaker/noun
-0.37036565	68521	73	geloof/verb
-0.021783164	9256	14	gemak/noun
1.4557506	43272	287	gemakkelijk/adj
-0.1382799	747	1	gemeenschap_geld/noun
0.4496491	137741	329	gemeente/noun
1.4663032	49323	330	gemiddeld/adj
3.4751592	8606	427	genees_middel/noun
0.5506642	4830	13	geneigd/adj
4.1014557	871	81	generiek/adj
0.38520285	10611	24	genetisch/adj
-0.17705403	44272	57	geniet/verb
0.17061394	32231	59	geraak/verb
0.11314994	21576	37	gerecht/noun
-0.024581587	2661	4	getekend/adj
0.231171	150886	294	geval/noun
0.21197017	83213	159	gevolg/noun
-1.304774	9619	4	gewelddadig/adj
0.4696924	168179	415	gewoon/adj
-0.5107449	47578	44	gezicht/noun
0.68897843	51259	157	gezin/noun
-0.13375883	11093	15	gigantisch/adj
2.2247458	215	3	glas_bak/noun
0.28067908	987502	2015	goed/adj
0.94138753	28880	114	goed/noun
2.8163846	40669	1042	goedkoop/adj
-0.0194015	16688	25	goud/noun
0.8197241	2589	9	grafiek/noun
1.3283875	58478	332	gratis/adj
1.9870349	358	4	grens_gemeente/noun
-1.2974955	2371	1	grijns/verb
0.2825372	23082	47	grijp/verb
0.63006955	12786	37	groei/adj
-0.1816784	50009	64	groei/verb
0.43558973	41750	99	groen/adj
0.6326572	63282	184	grond/noun
-1.5525478	9165	3	grond_gebied/noun
-0.40411037	17483	18	grondig/adj
2.759031	4348	106	grondstof/noun
0.06979055	774779	1280	groot/adj
0.46277374	1218	3	grootte/prep
0.68407214	4229	13	gros/noun
1.3529708	138860	818	gulden/noun
0.76819396	17487	58	gunstig/adj
0.40560097	15184	35	haal_binnen/verb
-0.55287814	13593	12	haal_uit/verb
-0.3194119	891	1	haarscherp/adj
-0.3032479	7856	9	halfuur/noun
0.31861132	3309	7	halte/noun
0.8751399	1622	6	ham/noun
0.19243449	1066	2	hamvraag/noun
-0.27367428	18783	22	handel/verb
0.7035292	18753	58	handelaar/noun
-0.48068318	63915	61	hang/verb
-0.43032184	103806	104	hard/adj
-0.36080572	4034811	4322	heb/verb
-0.5986521	4712	4	heb_op/verb
-0.072094984	251548	362	heel/adj
0.3507102	276441	607	heel/adv
-0.15039565	5301	7	heen/prep
-1.421391	16191	6	held/noun
-0.4557095	144941	142	helemaal/adv
0.20573303	87136	164	help/verb
-0.80818236	455207	314	hem/pron
-0.29075053	157140	182	hen/pron
-0.42496625	14996	15	herstel/noun
1.5859008	936	7	herstructureer/verb
2.093608	965	12	heruitgave/noun
-0.2898969	169158	195	het/adj
-0.066581026	11650779	16800	het/det
0.21292901	764720	1464	het/noun
0.34455457	63184	138	hetzelfde/det
-0.3840859	15336	16	hevig/adj
0.45025	261019	634	hier/adv
-0.7914683	2403923	1688	hij/pron
-0.56411237	35422	31	historisch/adj
-0.0039665615	327075	503	hoe/adj
0.45333883	1654	4	home/noun
-0.7585884	30731	22	hond/noun
0.19549415	33298	62	honderden/noun
0.40215042	4739	11	hoofdzakelijk/adj
0.1970178	284594	534	hoog/adj
1.4011467	966	6	hoog_snelheid_lijn/noun
0.53700244	11331	30	hooguit/adv
-0.7366659	4147	3	hooligan/noun
-0.14547044	109441	146	hoop/verb
1.710072	32978	281	hotel/noun
-0.25629878	340614	405	houd/verb
1.1956532	9971	51	hout/noun
2.9977827	353	11	hout_soort/noun
0.2522729	84893	169	huidig/adj
4.604398	298	45	huis_brand_olie/noun
1.2570223	377	2	huis_koper/noun
2.7605906	286	7	huis_wijn/noun
1.4325123	3867	25	huishoudelijk/adj
2.2412915	990	14	huisvuil_zak/noun
-0.28252718	44000	51	hulp/noun
-0.22964518	3291	4	hulp_organisatie/noun
0.103197314	902917	1548	hun/det
2.199282	10162	141	huur/verb
3.8203442	3123	218	huur_woning/noun
-0.15513045	85313	113	idee/noun
0.2084272	4732	9	ieder/pron
-0.0609289	168069	244	iedereen/pron
-0.48766536	112501	107	iemand/noun
0.116663374	244998	426	iets/noun
-0.7632706	2577275	1859	ik/pron
0.5273552	11730	30	illegaal/noun
1.02283	18202	78	imago/noun
0.65377605	77400	231	immers/adv
3.5532897	3276	176	import/noun
3.1681466	2846	104	importeer/verb
-0.39405698	45035	47	in/adv
0.0036873033	279990	433	in/part
-0.1738838	9492181	12266	in/prep
-0.63136244	48582	40	indruk/noun
2.5956256	674	14	inferieur/adj
1.3587519	11948	71	inflatie/noun
1.371469	19874	121	inkomen/noun
2.630711	1774	38	inkoop/noun
1.3277402	344	2	inseminatie/noun
-0.42759648	21773	22	instantie/noun
0.13517185	105805	186	internationaal/adj
1.4008406	50256	311	internet/noun
2.169946	1913	25	internet/verb
1.0305768	6723	29	introductie/noun
0.90233546	30441	115	investeer/verb
3.1054726	2010	69	invoer/noun
0.32431573	43126	91	inwoner/noun
-0.28846022	1574348	1816	jaar/noun
0.0981742	54221	92	jaarlijks/adj
-0.1622549	25893	34	jammer/adj
0.104422785	154475	265	je/det
0.29107156	1142105	2366	je/pron
-1.2570194	91223	40	jongen/noun
0.26315123	47651	96	juist/adv
0.78362644	31600	107	kamer/noun
0.573743	1969534	5394	kan/verb
1.083638	5729	26	kan_op/verb
0.78213316	21357	72	kan_terecht/verb
-0.33843043	170934	188	kans/noun
1.7095835	3200	27	kansarm/adj
0.55046123	1498	4	kantoor_ruimte/noun
-0.1590406	277310	365	keer/noun
-1.0948621	3877	2	kerkelijk/adj
1.4478178	3565	23	kern_centrale/noun
2.2171023	4731	67	keten/noun
0.47421536	52416	130	keuze/noun
1.1065724	116271	541	kies/verb
-0.2618807	140629	167	kijk/verb
-0.7468354	305978	223	kind/noun
0.8603592	13804	50	kip/noun
-0.54060453	48285	43	klacht/noun
-0.07822408	704	1	klagend/adj
1.7277498	11749	102	kleding/noun
0.5574572	228937	616	klein/adj
1.3164252	525	3	knel/noun
-1.6864542	20998	6	knie/noun
-1.3966432	7902	3	koel/adj
-0.0841221	710	1	koerier_bedrijf/noun
1.1666694	17577	87	koffie/noun
0.032872856	973909	1553	kom/verb
1.2974268	9744	55	kom_af/verb
-1.0705757	20773	11	kom_binnen/verb
-0.36131713	42714	46	kom_terecht/verb
-0.71814096	31961	24	kom_terug/verb
0.48170468	51341	128	kom_uit/verb
-0.42760655	33801	34	kom_voor/verb
-0.08062242	9857	14	kom_vrij/verb
1.3631808	3655	22	kom_weg/verb
1.6480258	2995	24	kool/noun
0.775523	897	3	kooldioxyde/noun
1.9144629	88151	917	koop/verb
1.9576004	278	3	koop_DIM_periode/noun
3.2715368	4435	180	koop_in/verb
0.5250416	6573	17	kop_DIM/noun
-0.26487398	7606	9	korps/noun
1.2892455	35227	197	kost/noun
1.9354652	100118	1060	kost/verb
2.2082837	214	3	kosten_reductie/noun
0.9812702	241	1	krant_pagina/noun
2.4142485	7190	124	krediet/noun
-0.057670914	746610	1083	krijg/verb
-0.76752645	50479	36	kunst/noun
-0.26569247	14455	17	kunst_werk/noun
1.59371	5395	41	kunstmatig/adj
2.322455	1780	28	kunststof/noun
0.31758502	477	1	kwadraat/noun
1.1721114	48735	243	kwaliteit/noun
2.7778277	200	5	kwaliteit_product/noun
0.40779972	21232	49	kwart/noun
-0.25282225	31892	38	kwartaal/noun
-1.2280113	19843	9	kwartier/noun
2.1319427	1860	24	kwartje/noun
1.4373323	100679	653	laag/adj
-0.16269487	521724	684	laat/verb
0.107234314	23869	41	laat_toe/verb
0.9863123	1448	6	lamp_DIM/noun
0.70381314	304215	949	land/noun
2.8348587	838	22	landbouw_product/noun
-0.19236286	318300	405	lang/adj
0.008789925	32202	50	langer/adv
0.9088285	1310	5	last_verlaging/noun
-0.8672256	1545	1	laste/noun
1.1226516	850	4	lawaaierig/adj
-0.42700917	125630	126	leef/verb
0.23114091	1028	2	leefomgeving/noun
2.3543506	10795	175	leen/verb
-0.70369107	23626	18	leg_op/verb
-0.29174793	49212	57	leg_uit/verb
-0.34926236	20230	22	leg_vast/verb
-0.08455148	124304	176	leid/verb
1.5858331	26792	201	lekker/adj
2.3055482	14710	227	lening/noun
-0.7432895	150208	110	leven/noun
2.5571465	1265	25	leven_middel/noun
-0.65220195	14966	12	levend/adj
1.2648102	55138	301	lever/verb
0.25771418	72903	145	lever_op/verb
1.9553819	9211	100	leverancier/noun
0.4259189	64492	152	lief/adj
-0.06907922	291510	420	lig/verb
0.63002723	3446	10	lig_om/adj
0.17123744	233946	428	lijk/verb
2.9928205	361	11	lijn_dienst/noun
-0.66342986	8799	7	link/noun
-0.45817247	7188	7	links/adv
2.3978713	16934	287	liter/noun
0.48704022	22717	57	locatie/noun
0.2544105	1005	2	lofzang/noun
1.2564263	12958	69	lok/verb
0.5277785	46703	122	lokaal/adj
0.94498324	16683	66	loon/noun
-0.44995427	8161	8	loop_mis/verb
2.2421982	12441	176	luchtvaart_maatschappij/noun
0.5665659	3697	10	lui/adj
-0.11056866	30527	42	luid/verb
0.60930413	801559	2272	maak/verb
2.5534086	1163	23	maak_na/verb
-0.478886	51143	49	maak_uit/verb
1.9556885	8887	97	maaltijd/noun
-0.20253044	284554	357	maand/noun
-0.74001795	78674	57	maandag/noun
-1.0372918	9244	5	maandag_avond/noun
0.10531139	480969	826	maar/adv
1.5071404	32114	224	maatschappij/noun
-0.15887204	401159	526	mag/verb
1.296525	5540	31	makelaar/noun
1.4860349	43633	298	makkelijk/adj
-1.3189107	381643	157	man/noun
0.7740699	1195	4	mand_DIM/noun
1.2139475	139815	730	manier/noun
1.7207428	87688	755	markt/noun
1.1301086	25356	120	massaal/adj
0.4516524	1646	4	massief/adj
-1.6927369	38686	11	match/noun
1.4682584	30351	204	materiaal/noun
-0.25409332	44624	53	medewerker/noun
2.8678274	15323	414	medicijn/noun
-0.78782624	49868	35	medium/noun
-0.44774088	72129	71	mee/adv
-0.16816948	135936	177	mee/part
0.57462645	366	1	mee_groei/verb
0.24713294	56065	111	meen/verb
0.1699187	444374	811	meer/adj
-0.16201073	429100	563	meer/adv
0.41857547	264661	618	meer/det
0.24456929	192090	379	meest/adj
1.0081785	52041	221	meestal/adv
0.30737877	8566	18	meng/verb
-0.015041848	538442	818	mens/noun
-0.08686742	6347	9	merendeel/noun
2.0013769	20129	230	merk/noun
2.7429962	502	12	merk_kleding/noun
3.0723293	478	16	merkelijk/adj
0.9646949	3224	13	merknaam/noun
0.64284873	2740	8	mest/noun
0.5984121	17380	49	met/adv
-0.038191568	4230163	6281	met/prep
1.0876844	48001	220	middel/noun
0.70113933	5434	17	middel/prep
1.7591119	557	5	middel/verb
0.47761807	8886	22	migrant/noun
-0.7808995	225916	160	mij/pron
-1.0040706	564919	320	mijn/det
2.7262993	3261	76	milieuvriendelijk/adj
-0.2881875	142457	163	miljard/noun
-0.090187624	359331	502	miljoen/noun
0.79178786	109577	373	min/adj
1.1434963	40453	195	minder/det
-0.51499426	9772	9	mis/part
-1.4843819	14326	5	misdaad/noun
0.17139986	153063	281	misschien/adv
1.4730757	24621	164	mobiel/adj
0.25708017	9591	19	mode/noun
1.8343579	23115	224	model/noun
0.0940863	44228	75	modern/adj
1.2899127	355	2	modificatie/noun
-0.45137078	136220	134	moeilijk/adj
0.01436049	1557442	2435	moet/verb
0.7965266	213777	731	mogelijk/adj
0.5606016	66061	179	mogelijkheid/noun
0.22622359	49969	97	momenteel/adj
0.31533697	940	2	monotoon/adj
0.9555726	3236	13	monteer/verb
0.004013736	158026	244	mooi/adj
0.18630673	537	1	morbide/adj
-1.3923813	15644	6	muzikant/noun
-0.7820093	796990	560	na/prep
-0.5913433	140818	120	naam/noun
0.14660762	1512452	2695	naar/prep
-0.19995576	15808	20	nachts/adv
0.94369566	12830	51	nadeel/noun
0.53522813	13965	37	name/adv
0.66495925	33504	101	namelijk/adv
-0.30158883	7936	9	nat/adj
-0.70512235	7905	6	nationaliteit/noun
0.24082972	149989	295	natuurlijk/adj
-0.29553807	312837	358	neem/verb
0.017133573	31896	50	neem_mee/verb
-0.39117852	72022	75	neem_op/verb
-2.2608342	6225	1	neem_waar/verb
-0.03675544	187091	279	net/adv
0.83099914	20065	71	netwerk/noun
0.08947204	3455007	5829	niet/adv
0.1285755	669062	1162	nieuw/adj
-0.08308634	168407	239	nodig/adj
-0.11052212	149858	207	noem/verb
0.016310038	1683041	2637	nog/adv
0.057237174	22732	37	nou/adv
0.18220975	803160	1490	nu/adv
1.6175827	1294	10	octrooi/noun
1.0918472	3331	15	olie_maatschappij/noun
-0.4246273	500648	505	om/prep
-0.3050127	43016	49	omgeving/noun
-0.76415294	14146	10	omstreden/adj
0.22348902	48526	93	omzet/noun
-0.88856095	1578	1	onaantastbaar/adj
-0.36591297	27164	29	onafhankelijk/adj
-0.018285632	128088	195	onder/adv
-0.18648443	414521	530	onder/prep
0.29050037	34892	72	onderdeel/noun
1.2895062	12323	69	onderhoud/noun
0.4191423	8530	20	onderhoud/verb
0.7870376	19941	67	ondernemer/noun
-0.17234652	15393	20	ondervind/verb
-0.09496695	49322	69	onderwijs/noun
-0.09113354	6413	9	ongekend/adj
-0.15218224	10561	14	ongelooflijk/adj
1.790856	755	7	ongeschoold/adj
0.5868246	84612	234	ongeveer/adv
0.2973923	1450	3	onhaalbaar/adj
0.8738307	814	3	onrendabel/adj
0.034181725	470011	750	ons/det
0.01817585	232248	366	ons/pron
0.26072514	45068	90	ontdek/verb
-1.6512442	23668	7	ontmoet/verb
-0.359398	72241	78	ontsta/verb
0.5549805	2233	6	ontvanger/noun
0.64653975	39330	116	ontwikkel/verb
1.6349032	1137	9	onuitputtelijk/adj
1.1571827	6924	34	oog/adj
-0.6549282	6268	5	oogst/verb
0.27227125	2214625	4501	ook/adv
0.31739205	133314	281	op/adj
-0.29452723	540823	620	op/part
-0.17927769	4502370	5790	op/prep
0.020551197	13950	22	opeens/adv
-0.36220655	65589	70	open/adj
-0.5530788	63842	56	open/verb
0.67118645	67063	201	openbaar/adj
0.8048453	2898	10	opgewekt/adj
0.64683163	11236	33	opkomst/noun
1.7998278	55296	514	oplossing/noun
-0.38676476	161924	168	opnieuw/adv
0.064022556	6052	10	opper/verb
1.9296341	282	3	opslag_capaciteit/noun
0.18204941	38314	71	opvallend/adj
0.7236905	12017	38	opvang/noun
-0.63375735	73727	60	organiseer/verb
0.43358794	416	1	orkest_lid/noun
-0.029659808	243584	364	oud/adj
-0.66931593	1300877	1026	over/prep
-0.22939715	3273	4	overdekt/adj
-0.22946662	22009	27	overeenkomst/noun
-0.26529953	5091	6	overheers/verb
0.3625544	62813	140	overigens/adv
-0.4425597	7025	7	overkant/noun
0.39638624	31676	72	overname/noun
0.12532833	7434	13	overstap/noun
0.09063459	136924	232	paar/noun
1.1324661	6062	29	pak_DIM/noun
-0.22021382	33416	41	pak_aan/verb
0.533263	30453	80	papier/noun
0.6018317	2142	6	paraplu/noun
1.1820296	13362	67	particulier/adj
-0.9988574	195439	111	partij/noun
-0.6783304	37073	29	partner/noun
-0.7514231	163211	119	pas/adv
0.43644953	14666	35	pas_toe/verb
0.8933467	46037	173	patiënt/noun
1.9276662	8992	93	pc/noun
0.6373927	684	2	penseel/noun
0.42210838	6491	15	pensioen_fonds/noun
1.2690654	6890	38	per/adv
1.0558667	232898	1031	per/prep
-0.6046428	78068	66	periode/noun
-0.23643723	14787	18	permanent/adj
0.36661902	4503	10	persoon_wagen/noun
-0.10163377	4310	6	pet/noun
1.4835906	1185	8	pin/verb
1.4811658	5593	38	pk/noun
1.1707654	22500	112	plaats/prep
0.024565572	29659	47	plaatselijk/adj
0.44267878	12862	31	plus/prep
-0.977583	145013	84	politiek/adj
0.7403334	4034	13	pomp/verb
-0.9151961	8108	5	poort/noun
0.77801085	897	3	populist/noun
0.68433386	4249	13	poster/noun
0.34625047	11430	25	potentieel/adj
0.39013973	14082	32	prettig/adj
1.9482839	111414	1200	prijs/noun
3.8184168	1143	80	prijs_daling/noun
2.8971806	643	18	prijzig/adj
1.7995111	431	4	privé_firma/noun
-0.09043407	150013	212	probeer/verb
-0.3551916	208882	226	probleem/noun
0.8985785	480632	1814	procent/noun
2.572988	21055	426	produceer/verb
2.326426	56273	891	product/noun
1.543827	37238	269	productie/noun
2.203686	1352	19	productie_proces/noun
1.3754821	21351	130	profiteer/verb
-0.1168133	90499	124	programma/noun
-0.42143407	4939	5	programmeer/verb
-0.014576264	48624	73	provincie/noun
2.735518	376	9	prullaria/noun
-0.12438456	5913	8	raadpleeg/verb
-0.42337838	80482	81	reageer/verb
0.1692014	28999	53	realiseer/verb
1.0237936	5623	24	recessie/noun
-0.20219615	60308	76	recht/noun
0.25614703	27592	55	rechtstreeks/adj
0.687545	652	2	reclameboodschap/noun
0.030841524	83250	133	reden/noun
1.0339199	3675	16	redeneer/verb
-0.71286714	60771	46	reeks/noun
0.55358	19394	52	regeling/noun
-0.35405946	142235	153	regering/noun
0.3608951	905	2	regering_functionaris/noun
1.2563634	30698	166	reis/noun
1.4218078	23074	147	reis/verb
1.8003501	999	9	reis_agent/noun
1.9356258	2638	28	reis_bureau/noun
-0.03851104	66007	98	rekening/noun
3.0267527	23590	753	relatief/adj
1.7154039	17210	147	rente/noun
1.9813045	892	10	reservoir/noun
-0.16466875	63293	83	rest/noun
1.1036602	30973	144	restaurant/noun
0.26747957	117377	236	rij/verb
2.0743203	839	10	rij_DIM_huis/noun
2.7740707	1361	33	rij_auto/verb
0.6132833	2802	8	rijkelijk/adj
-0.62640136	12189	10	ring/noun
0.2462871	46084	91	risico/noun
0.5022886	3539	9	riskant/adj
-0.6923089	45260	35	roep/verb
-0.3847124	10497	11	romantisch/adj
1.363201	2167	13	rommel/noun
-0.7327996	23044	17	rond/adj
0.5086685	389	1	rond_toer/verb
-0.6228955	7280	6	rook/noun
0.3484806	15175	33	rook/verb
0.3401894	4170	9	rund/noun
-0.388744	41223	43	rustig/adj
0.6418575	7160	21	schaars/adj
0.63011897	6577	19	schadelijk/adj
2.177707	6907	94	schaf_aan/verb
1.3340875	684	4	schakel_om/verb
0.35550672	4097	9	scheef/adj
0.78380203	592	2	scheep_af/verb
0.20097497	15544	29	schenk/verb
0.26632717	34921	70	schip/noun
1.1792859	13045	65	schoon/adj
-1.0797403	1936	1	schoonmaak/noun
0.5427467	1505	4	schrijf_over/verb
0.4376106	5878	14	schrijf_uit/verb
-0.7050902	1315	1	schroef/noun
0.23485021	3090	6	schuldenlast/noun
-0.3073252	69888	79	scoor/verb
1.6935376	595	5	scrupule/noun
1.2691604	6890	38	se/adv
2.768945	366	9	sentimentaliteit/noun
1.468936	7609	51	service/noun
1.2206743	575	3	sherry/noun
2.3555195	1936	31	shop/verb
2.2128267	11433	160	sigaret/noun
0.32608563	27637	59	site/noun
0.1268327	582	1	skeeler/verb
-0.9664504	66622	39	sla/verb
1.2353235	754	4	slagvaardig/adj
0.19005552	120435	224	slecht/adj
0.026370948	133553	212	slechts/adv
1.4384449	1549	10	slib/noun
-0.05825984	1385	2	slot_koers/noun
0.050699428	64597	104	sluit/verb
1.1335108	230240	1102	snel/adj
1.0378827	6888	30	sober/adj
0.43733972	91206	217	sociaal/adj
0.33944273	121121	263	soms/adv
-1.2166641	21978	10	spannend/adj
0.47938284	5593	14	specialiseer/verb
0.055290453	6763	11	speel_uit/verb
-0.18372165	2367	3	speeltuin/noun
0.93411654	253	1	speen/verb
-0.644919	136926	111	speler/noun
-0.02496209	1334	2	sperma/noun
-0.27590308	15331	18	spreek_af/verb
1.9647619	11884	131	spul/noun
2.0944233	877	11	spul_DIM/noun
-0.53084683	655795	595	sta/verb
-0.18424354	12702	16	staak/verb
-0.37728378	60553	64	staat/noun
0.27655995	189573	384	stad/noun
0.5167546	10120	26	stadsdeel/noun
-0.35231614	39890	43	stap/verb
0.7661924	1517	5	start/adj
0.22689378	12998	25	stedelijk/adj
0.6123928	252048	716	steeds/adv
-0.21867941	212176	263	stel/verb
2.1171987	233	3	ster_restaurant/noun
0.22579814	518	1	sterfte_cijfer/noun
-0.1300595	174284	236	sterk/adj
-0.33579978	33916	37	steun/verb
0.77636474	3000	10	sticker/noun
0.85984784	9118	33	stijg/adj
0.31743732	17524	37	stort/verb
0.4855212	802	2	straaljager/noun
0.23187838	3105	6	straat_beeld/noun
1.0487714	18845	83	strafschop/noun
0.9281783	254	1	strafschop_doelpunt/noun
2.355895	16039	260	stroom/noun
0.7931313	48534	164	student/noun
1.554337	114181	835	stuk/noun
-0.5182104	9795	9	stuur/noun
0.6264793	25858	74	subsidie/noun
1.5071231	290	2	subsidie_reglement/noun
1.7896543	3820	35	subsidieer/verb
0.12372856	81026	141	succes/noun
0.05272943	26523	43	succesvol/adj
3.1033564	1171	40	super/noun
2.7512145	14431	345	super_markt/noun
-0.27809134	31690	37	talent/noun
2.9603422	14826	440	tarief/noun
0.47634315	407519	1011	te/adv
-0.035672594	109204	162	te/prep
0.9945268	21528	90	techniek/noun
1.4817563	12107	82	technologie/noun
2.0149822	1394	16	technologie_aandeel/noun
-0.5069424	727647	673	tegen/prep
-0.07743603	60755	87	tegenover/prep
0.22917388	16446	32	tegenstelling/prep
0.6547176	1692	5	teken_film/noun
0.3660822	21690	48	tekort/noun
-0.9298609	57540	35	tekst/noun
1.6640652	495	4	telecom_aandeel/noun
0.88987684	30042	111	telefoon/noun
0.1873159	60038	112	ten/prep
-0.044101186	20991	31	tenminste/adv
-2.1580353	44943	8	tentoonstelling/noun
0.24315915	14240	28	ter/adj
-0.6711602	54534	43	ter/prep
0.15381561	52303	94	terecht/part
-0.4650855	153390	148	terug/part
1.0890152	1095	5	terug_reis/noun
0.19801201	23268	44	tevens/adv
-0.32291988	13371	15	theorie/noun
0.20852442	10097	19	thriller/noun
-0.03357447	61183	91	thuis/adv
2.512028	17005	320	ticket/noun
0.015855677	34647	54	tientallen/noun
-1.0797589	80832	40	titel/noun
0.12862502	466609	820	toch/adv
-0.15488371	234552	310	toe/part
1.4365013	1691	11	toegepast/adj
0.8750267	22085	81	toerist/noun
-0.4065702	18404	19	toevallig/adj
2.653345	1051	23	toevloed/noun
0.56166965	24907	67	ton/noun
0.724529	6007	19	tong/noun
-0.9341437	44719	27	top/noun
-0.020313272	1139189	1722	tot/prep
1.2945201	1600	9	tracé/noun
0.61799973	35911	103	traditioneel/adj
-0.9516257	16814	10	treffer/noun
-0.21741277	117953	146	trek/verb
-0.6291489	14795	12	trek_in/verb
0.43510738	5451	13	trip/noun
0.17529099	44807	83	trouwens/adv
2.1741335	4274	58	truc/noun
0.64233136	10653	31	tunnel/noun
-0.3345155	409604	452	tussen/prep
2.5930254	2399	49	tweedehands/adj
0.4969317	786	2	tweewieler/noun
0.56878847	19031	52	type/noun
0.124794714	63355	110	u/det
0.024395842	233365	368	u/pron
0.41571745	475164	1110	uit/part
0.070280954	1135560	1873	uit/prep
0.9974249	240	1	uitbreiding_mogelijkheid/noun
0.077336855	99204	166	uiteindelijk/adj
0.6161743	5241	15	uitermate/adv
0.67639285	19766	60	uitgave/noun
1.0320308	2532	11	uitgerust/adj
-1.2050642	454414	208	uur/noun
0.7747709	194279	652	vaak/adj
-0.8459274	1517	1	vaardig_af/verb
-0.5216855	194806	178	val/verb
1.8073612	18640	175	val_uit/verb
-0.21945427	12638933	15641	van/prep
0.9154265	163636	626	vanaf/prep
-1.57632	3137	1	vang_aan/verb
0.18892293	2689	5	vanouds/adv
0.33841878	41526	90	vanwege/prep
0.45301357	8302	20	varken/noun
1.1828853	425020	2146	veel/adj
0.51222765	287287	739	veel/det
0.98870003	10567	44	veelal/adv
1.1256003	37315	175	veilig/adj
0.21824713	75396	145	vele/adj
0.7858255	7093	24	verantwoord/adj
-0.7022573	13107	10	verbaas/verb
0.19349211	30070	56	verbeter/verb
-0.5158225	2195	2	verbijstering/noun
-0.40659094	21411	22	verbind/verb
0.8418715	9758	35	verbinding/noun
0.8500378	12176	44	verblijf/noun
0.11725184	67228	116	verdien/verb
-0.047901884	77971	114	verdwijn/verb
-0.36485234	4683	5	verga/verb
1.2546073	8115	44	vergeleken/adj
1.8142418	1486	14	vergelijk/adj
1.1727147	13200	66	vergelijkbaar/adj
2.6295066	325	7	vergrendeling/noun
0.15644304	13363	24	vergroot/verb
-0.9702348	117716	69	verhaal/noun
0.39106804	5276	12	verhuizing/noun
-1.5925075	64161	20	verkiezing/noun
0.6816	44145	134	verkoop/noun
1.4355279	98073	631	verkoop/verb
0.30549464	955	2	verkrop/verb
-0.32029408	56457	63	verlies/noun
-0.21143939	34493	43	verloop/verb
-0.7006761	23612	18	verloren/adj
0.14213696	4489	8	vermindering/noun
-0.24784005	25835	31	vermoedelijk/adj
0.8386319	849	3	vermogen_beheer/noun
-0.08833178	12128	17	vernietig/verb
0.64280134	6131	18	veroorloof/verb
0.35311848	63152	139	verschil/noun
1.827683	27651	266	versie/noun
1.6003178	4574	35	veruit/adv
0.9738885	4901	20	vervanging/noun
-0.12176828	13185	18	vervelend/adj
1.9705485	19418	214	vervoer/noun
0.05090427	125713	203	verwacht/verb
1.5662149	3247	24	verwarming/noun
0.47351897	14528	36	verwerf/verb
0.67260444	22180	67	verwerk/verb
1.6366516	15630	122	verzekeraar/noun
0.9082238	2095	8	vest/noun
0.89465165	172971	652	via/prep
0.12350255	1729	3	viaduct/noun
0.3028591	541702	1131	vind/verb
0.71542025	14339	45	vlag/noun
-0.63024676	4878	4	vlakte/noun
1.7619228	18048	162	vlees/noun
3.9246929	1018	79	vlieg_ticket/noun
0.7447212	33073	107	vliegtuig/noun
-0.013964456	2613	4	vloeiend/adj
0.84621954	2508	9	vloot/noun
-0.078770794	21741	31	vlot/adj
1.8631196	27492	272	vlucht/noun
-0.95089996	119091	71	voel/verb
-0.42756537	61815	62	voer/verb
-0.23399761	12273	15	voer_aan/verb
1.2293725	23231	122	voer_in/verb
-0.21185397	20845	26	voertuig/noun
-0.30899715	198218	223	volg/adj
-0.58273625	152227	131	volg/verb
-1.6840582	21108	6	volg_op/verb
-0.7049746	7878	6	volg_opeen/adj
0.26816204	478509	968	volgens/prep
-0.19214994	10988	14	volstrekt/adj
0.30578184	3806927	7939	voor/prep
0.5618035	333204	906	vooral/adv
-0.552912	79966	71	voorbij/adj
2.761617	3249	79	voordelig/adj
0.034960844	14337	23	voorganger/noun
-0.2768676	70740	82	voorlopig/adj
0.098967105	7059	12	voornemen/noun
-0.868509	41672	27	voorstelling/noun
-1.4786122	2873	1	voortbestaan/noun
0.20762375	33073	63	voorwaarde/noun
0.20079777	50916	96	voorzie/verb
-1.558503	111533	36	voorzitter/noun
-0.5800703	368206	318	vorig/adj
-0.27217326	80702	95	vorm/verb
-0.069222115	181894	262	vraag/noun
0.299539	51709	107	vrees/verb
0.38328925	113103	256	vrij/adj
-0.9020275	93652	58	vrijdag/noun
-0.26859874	143189	169	vroeg/adj
-0.2541166	12538	15	vul_in/verb
-0.65128046	5001	4	waak/verb
-0.14619255	35248	47	waar/adj
0.1258895	363546	639	waar/adv
-0.68346757	5132	4	waarde/prep
0.2742392	57234	116	wagen/noun
1.1185248	851	4	wagen_park/noun
-0.069080785	4176	6	wakker_aan/verb
0.7922348	5600	19	wao/noun
0.01684086	35235	55	warm/adj
1.8456044	412	4	was_poeder/noun
-0.0672338	184781	267	wat/det
-0.21197277	598351	748	wat/pron
0.11219088	84146	145	water/noun
-0.11503125	1359191	1877	we/pron
-0.6884915	444591	343	week/noun
1.2138066	3114	16	week_DIM/noun
-0.09896735	396780	551	weer/adv
0.9989913	1184	5	weet/adj
-0.5890308	453326	389	weet/verb
-0.52230895	76919	70	wegens/prep
-0.8717952	6215	4	weide/noun
0.17582382	887396	1636	wel/adv
0.27231777	57316	116	wellicht/adv
-0.16142474	173351	227	wereld/noun
0.34666497	7345	16	werk/adj
-0.2846701	260426	302	werk/noun
0.51064986	256961	660	werk/verb
0.5144643	8551	22	werkgelegenheid/noun
0.96188724	34402	138	werkgever/noun
0.47943956	68515	169	werknemer/noun
-0.673484	16631	13	wetenschapper/noun
0.21057287	288288	546	wie/pron
0.2105606	316273	604	wij/pron
0.20632029	15296	29	wijs_aan/verb
0.14717375	946915	1683	wil/verb
-1.0301665	198109	108	win/verb
0.3917507	876	2	windstreek/noun
1.406206	51244	322	winkel/noun
0.31700063	5230	11	winkel_centrum/noun
0.9102052	7380	28	winkelier/noun
0.3704609	83532	185	winst/noun
-0.9378501	73839	44	woensdag/noun
1.5086569	77696	539	woning/noun
1.8077071	2462	23	woningbouw/noun
0.52774304	95960	251	woon/verb
0.1290824	4583	8	woon_wijk/noun
-0.85976386	110168	72	woord/noun
0.3632289	3486710	7730	word/verb
-0.46571335	181886	176	zaak/noun
0.57273227	25268	69	zak/noun
0.17743404	1661300	3064	zal/verb
0.07245205	1808509	3013	ze/pron
0.6120668	130472	372	zeer/adv
-0.23191212	982307	1206	zeg/verb
-0.39894235	12491	13	zeggen/verb
-0.21282655	137098	171	zeker/adj
0.5209429	80807	210	zeker/adv
0.16290705	329698	600	zelf/adv
0.3662485	267410	598	zelfs/adv
0.12493051	44779	78	zet_in/verb
-0.26958224	4248	5	zeur/verb
-0.4523826	1097010	1078	zich/pron
-0.3816278	555838	586	zie/verb
-0.082973994	15450	22	zie_in/verb
0.5232109	42237	110	zie_uit/verb
-0.07953626	392068	561	zij/pron
-0.65950227	2164588	1730	zijn/det
-0.5597396	2281	2	zin/verb
-0.33600414	425170	469	zit/verb
0.3476419	216106	473	zo'n/det
0.2369685	104398	205	zo/adj
0.58390594	748301	2076	zo/adv
0.9741308	52439	213	zoek/adj
0.771386	113590	374	zoek/verb
0.8729989	16736	62	zogeheten/adj
0.57786167	23481	65	zogenaamd/adj
0.8786084	1083	4	zomer_seizoen/noun
-0.51989436	25266	23	zon/noun
-1.594723	138349	43	zondag/noun
0.12744434	226930	388	zonder/prep
-0.054250587	135526	198	zorg/verb
-0.051691487	49013	72	zoveel/det
-0.20205387	18936	24	zowel/adv
1.9678181	5474	60	zuinig/adj
-0.35991037	150398	161	zwaar/adj
-0.00047542073	32473	50	zwak/adj
3.8507202	239	17	zwavel_arm/adj
-0.04844835	218147	321	één/pron
