_id	model.x	model.y	pos	cwfreq	ppmi_S	noncue	cue	a1	a2	b	b1	c1	c2	c3	d	other	a1_cue	a2_cue	b_cue	b1_cue	c1_cue	c2_cue	c3_cue	d_cue	other_cue
60/J	-0.29361533914948584	0.3251838725530992	J	1	1.7769536	1	0	0	0	1	0	0	0	0	0	0	NA	NA	NA	NA	NA	NA	NA	NA	NA
a/D	-0.14825135837987857	-0.0386511803558391	D	41	0	25	16	1	8	12	1	14	2	1	0	2	1	3	3	0	8	1	0	0	0
a/J	-0.18575857227589176	-0.04826830888114852	J	1	0	1	0	0	0	0	0	1	0	0	0	0	NA	NA	NA	NA	NA	NA	NA	NA	NA
a/N	-0.31645021448615773	0.012817814200163143	N	1	0.3906592	1	0	0	0	0	0	1	0	0	0	0	NA	NA	NA	NA	NA	NA	NA	NA	NA
ability/N	-0.21273195139682352	0.21286980140852133	N	1	0.78370184	0	1	0	1	0	0	0	0	0	0	0	0	1	0	0	0	0	0	0	0
able/J	-0.2034174670374028	0.0759317813345171	J	1	0	1	0	1	0	0	0	0	0	0	0	0	NA	NA	NA	NA	NA	NA	NA	NA	NA
accusation/N	0.3727605885505674	-0.19463910329061468	N	1	3.3863914	0	1	0	0	1	0	0	0	0	0	0	0	0	1	0	0	0	0	0	0
active/J	-0.07497498407150456	0.197466932783085	J	1	0.76535267	1	0	0	0	1	0	0	0	0	0	0	NA	NA	NA	NA	NA	NA	NA	NA	NA
activity/N	-0.11824137444636891	0.13585866017225112	N	1	0.8626649	0	1	0	0	1	0	0	0	0	0	0	0	0	1	0	0	0	0	0	0
admission/N	-0.09579063350224089	0.3569662535432263	N	1	1.7281634	0	1	0	1	0	0	0	0	0	0	0	0	1	0	0	0	0	0	0	0
adult/N	-0.039905102750049534	0.2732190978915779	N	1	1.910485	1	0	0	0	1	0	0	0	0	0	0	NA	NA	NA	NA	NA	NA	NA	NA	NA
advance/V	0.009001500119298803	0.26010926253115885	V	1	1.40539	0	1	0	0	0	0	1	0	0	0	0	0	0	0	0	1	0	0	0	0
adviser/N	0.1902723421438775	0.15562594124374124	N	1	2.000097	0	1	0	0	1	0	0	0	0	0	0	0	0	1	0	0	0	0	0	0
affair/N	0.0012891341759952715	0.09141304652606588	N	1	0.6295511	0	1	0	1	0	0	0	0	0	0	0	0	1	0	0	0	0	0	0	0
alert/V	0.14984049679880698	-0.4136275140251377	V	1	2.5754614	1	0	0	0	1	0	0	0	0	0	0	NA	NA	NA	NA	NA	NA	NA	NA	NA
alive/J	-0.16202475729025173	-0.29234035953111714	J	1	1.2173378	1	0	0	1	0	0	0	0	0	0	0	NA	NA	NA	NA	NA	NA	NA	NA	NA
all/J	-0.18514526503738862	0.03215015546182379	J	1	0.07432896	0	1	0	1	0	0	0	0	0	0	0	0	1	0	0	0	0	0	0	0
ambition/N	-0.09898951579337921	0.3742019790873481	N	1	1.7281634	0	1	0	1	0	0	0	0	0	0	0	0	1	0	0	0	0	0	0	0
american/J	-0.09228373486480254	0.09695259910908074	J	1	0	0	1	0	0	1	0	0	0	0	0	0	0	0	1	0	0	0	0	0	0
american/N	-0.08068618564158664	0.010842281983815231	N	1	0.28278625	1	0	0	0	0	0	0	0	1	0	0	NA	NA	NA	NA	NA	NA	NA	NA	NA
an/D	-0.1520914600802487	0.023646429798238652	D	4	0	4	0	0	2	1	0	1	0	0	0	0	NA	NA	NA	NA	NA	NA	NA	NA	NA
analogy/N	-0.06873481448746724	0.4420044169330999	N	1	2.287779	1	0	1	0	0	0	0	0	0	0	0	NA	NA	NA	NA	NA	NA	NA	NA	NA
ancestry/N	0.3525985835813994	0.17094758412429098	N	1	2.8267758	1	0	0	1	0	0	0	0	0	0	0	NA	NA	NA	NA	NA	NA	NA	NA	NA
angel/N	-0.08012452811626125	-0.2720824373523899	N	1	1.0888189	0	1	1	0	0	0	0	0	0	0	0	1	0	0	0	0	0	0	0	0
anglican/J	0.3234800856339033	0.13563644745003328	J	3	3.8563952	0	3	0	2	0	0	1	0	0	0	0	0	2	0	0	1	0	0	0	0
announce/V	-0.01328353747710459	-0.10103446036282078	V	1	0.29364595	1	0	0	1	0	0	0	0	0	0	0	NA	NA	NA	NA	NA	NA	NA	NA	NA
annual/J	0.0066838695243903725	0.007883485807445235	J	1	1.2656281	0	1	0	0	0	0	0	1	0	0	0	0	0	0	0	0	1	0	0	0
apostolic/J	0.3789815794037183	0.33670170209525435	J	1	3.3863914	0	1	0	1	0	0	0	0	0	0	0	0	1	0	0	0	0	0	0	0
appreciation/N	-0.12346592791991326	0.3334324398089324	N	1	1.8282468	0	1	0	1	0	0	0	0	0	0	0	0	1	0	0	0	0	0	0	0
apprentice/N	0.05521404570986628	0.35990945935729013	N	1	2.287779	0	1	0	0	1	0	0	0	0	0	0	0	0	1	0	0	0	0	0	0
area/N	-0.13200736329881257	0.04910461678856986	N	3	0.65574145	1	2	0	0	3	0	0	0	0	0	0	0	0	2	0	0	0	0	0	0
artificial/J	-0.05732618872557459	0.41774873414347974	J	1	2.2077365	1	0	0	1	0	0	0	0	0	0	0	NA	NA	NA	NA	NA	NA	NA	NA	NA
ask/V	-0.13583230404056557	-0.08280724109971264	V	1	0.34317943	1	0	0	0	0	0	1	0	0	0	0	NA	NA	NA	NA	NA	NA	NA	NA	NA
assail/V	0.2740564214761379	-0.33809342141474946	V	1	3.163248	0	1	0	0	1	0	0	0	0	0	0	0	0	1	0	0	0	0	0	0
assembly/N	0.06165528579562549	-0.0019025590398857634	N	3	2.2549894	2	1	0	1	2	0	0	0	0	0	0	0	0	1	0	0	0	0	0	0
association/N	-0.026767641245419513	0.02736942815783913	N	1	1.0788189	0	1	0	0	1	0	0	0	0	0	0	0	0	1	0	0	0	0	0	0
atlanta/N	0.13833369694224318	-0.1366625843388402	N	1	2.1699963	0	1	0	0	0	0	0	1	0	0	0	0	0	0	0	0	1	0	0	0
attack/V	0.006829262019801423	-0.1749879627041365	V	1	2.1336286	0	1	0	1	0	0	0	0	0	0	0	0	1	0	0	0	0	0	0	0
attend/V	0.029143650946668466	-0.014193364606571853	V	3	1.3714885	1	2	0	1	0	0	1	0	1	0	0	0	0	0	0	1	0	1	0	0
autonomy/N	0.19867456171627884	0.3257502696115665	N	1	2.6932442	0	1	1	0	0	0	0	0	0	0	0	1	0	0	0	0	0	0	0	0
back/N	-0.327802207976215	-0.20317509168328124	N	1	0.5747323	1	0	0	0	0	0	1	0	0	0	0	NA	NA	NA	NA	NA	NA	NA	NA	NA
baptist/N	0.3492285192536083	-0.018609306905313615	N	1	4.3207006	0	1	0	0	1	0	0	0	0	0	0	0	0	1	0	0	0	0	0	0
baptize/V	0.4149264024879765	-0.11119984686493764	V	1	2.6932442	0	1	0	1	0	0	0	0	0	0	0	0	1	0	0	0	0	0	0	0
be/V	-0.1780100839392641	0.032794283074718586	V	74	0	73	1	5	24	14	1	22	2	6	0	0	0	0	0	0	0	0	1	0	0
become/V	-0.13414797428521708	0.017824208995558644	V	1	0	1	0	0	0	1	0	0	0	0	0	0	NA	NA	NA	NA	NA	NA	NA	NA	NA
believe/V	-0.13192783513758155	0.041838676350831806	V	2	0	2	0	1	1	0	0	0	0	0	0	0	NA	NA	NA	NA	NA	NA	NA	NA	NA
believer/N	0.31561114273732704	0.21930912313701784	N	1	2.9809263	0	1	0	1	0	0	0	0	0	0	0	0	1	0	0	0	0	0	0	0
benefit/V	-0.19580722375343274	0.3011634428303935	V	1	1.6816434	1	0	0	0	1	0	0	0	0	0	0	NA	NA	NA	NA	NA	NA	NA	NA	NA
bernadine/N	0.4946276649162538	-0.12301798065245653	N	1	4.772686	0	1	0	0	0	0	1	0	0	0	0	0	0	0	0	1	0	0	0	0
better/J	-0.22334594672039473	-0.04177377401360492	J	2	0.63060987	2	0	0	0	1	0	1	0	0	0	0	NA	NA	NA	NA	NA	NA	NA	NA	NA
bible/N	0.10907496385769899	0.04891807065132239	N	1	1.5145893	0	1	1	0	0	0	0	0	0	0	0	1	0	0	0	0	0	0	0	0
biblical/J	0.022393161551720105	0.3909318020002853	J	1	2.0646358	0	1	1	0	0	0	0	0	0	0	0	1	0	0	0	0	0	0	0	0
big/J	-0.20854986483808985	-0.12432835701895915	J	1	0	1	0	0	0	0	0	1	0	0	0	0	NA	NA	NA	NA	NA	NA	NA	NA	NA
birmingham/N	0.26506345103478013	-0.27640057543805857	N	1	2.4701009	0	1	0	0	0	0	1	0	0	0	0	0	0	0	0	1	0	0	0	0
birth/N	0.05582063457459306	0.11211703611686188	N	1	1.594632	1	0	0	1	0	0	0	0	0	0	0	NA	NA	NA	NA	NA	NA	NA	NA	NA
bishop/N	0.22325362599593798	-0.21627233748317864	N	1	3.1361194	0	1	0	1	0	0	0	0	0	0	0	0	1	0	0	0	0	0	0	0
blanket/N	-0.26064027766393116	-0.33620759871833317	N	1	1.4404813	1	0	0	0	1	0	0	0	0	0	0	NA	NA	NA	NA	NA	NA	NA	NA	NA
box/N	-0.23647476671183335	-0.27054174638062223	N	1	0.66674215	1	0	0	0	0	0	1	0	0	0	0	NA	NA	NA	NA	NA	NA	NA	NA	NA
brazil/N	0.35368891891154197	0.2989818913613681	N	1	3.3863914	0	1	0	0	0	0	1	0	0	0	0	0	0	0	0	1	0	0	0	0
break/V	-0.23899694497646226	-0.11681872435874881	V	1	0	0	1	0	1	0	0	0	0	0	0	0	0	1	0	0	0	0	0	0	0
bring/V	-0.1647681805521265	-0.043146981510522917	V	1	0	1	0	1	0	0	0	0	0	0	0	0	NA	NA	NA	NA	NA	NA	NA	NA	NA
budget/N	-0.08540123271929649	0.2303858005622908	N	1	0.8214421	0	1	0	0	1	0	0	0	0	0	0	0	0	1	0	0	0	0	0	0
build/V	-0.20660853641830212	-0.015558123005214681	V	1	0	0	1	0	0	0	0	1	0	0	0	0	0	0	0	0	1	0	0	0	0
building/N	-0.16059703995467248	-0.1305483854204628	N	1	0	0	1	0	0	0	0	1	0	0	0	0	0	0	0	0	1	0	0	0	0
bury/V	-0.13896474143725412	-0.4208499571930805	V	1	2.1336286	1	0	0	0	0	0	1	0	0	0	0	NA	NA	NA	NA	NA	NA	NA	NA	NA
bus/N	-0.10073905877002588	-0.2949624311990493	N	1	1.252225	0	1	0	0	0	0	1	0	0	0	0	0	0	0	0	1	0	0	0	0
businesslike/J	0.4609633639847935	0.028975298041574702	J	1	5.465833	0	1	0	0	1	0	0	0	0	0	0	0	0	1	0	0	0	0	0	0
cafe/N	-0.10017781904652495	-0.4141379498343098	N	1	1.7769536	0	1	0	0	0	0	1	0	0	0	0	0	0	0	0	1	0	0	0	0
captivity/N	0.5382685951884627	-0.006844828879426938	N	1	4.079539	1	0	0	0	1	0	0	0	0	0	0	NA	NA	NA	NA	NA	NA	NA	NA	NA
car/N	-0.26702970882328747	-0.14463099697933599	N	1	0	0	1	0	0	0	0	1	0	0	0	0	0	0	0	0	1	0	0	0	0
carlson/N	0.40273623824757837	-0.21653476674384595	N	1	3.6740735	1	0	0	0	0	0	0	1	0	0	0	NA	NA	NA	NA	NA	NA	NA	NA	NA
catch/V	-0.30360707839608986	-0.17760992520423186	V	1	0.15213457	0	1	0	0	1	0	0	0	0	0	0	0	0	1	0	0	0	0	0	0
catholic/J	0.1295183158543648	0.053621737839775044	J	3	3.971908	0	3	0	1	0	0	1	0	1	0	0	0	1	0	0	1	0	1	0	0
catholic/N	0.06090273319069438	0.0966291812117239	N	2	1.9853625	0	2	0	0	0	0	2	0	0	0	0	0	0	0	0	2	0	0	0	0
catt/N	0.42743499310333116	-0.2710735744489467	N	1	3.3863914	1	0	0	0	1	0	0	0	0	0	0	NA	NA	NA	NA	NA	NA	NA	NA	NA
center/N	-0.14169152114482964	-0.05931851262797391	N	3	0.7790829	1	2	0	0	2	0	1	0	0	0	0	0	0	1	0	1	0	0	0	0
century/N	-0.05764392728826275	0.057439156640743054	N	1	0.9088032	1	0	0	0	0	0	1	0	0	0	0	NA	NA	NA	NA	NA	NA	NA	NA	NA
ceremony/N	0.17257508678475855	-0.1415842767693481	N	2	2.6524224	0	2	0	1	1	0	0	0	0	0	0	0	1	1	0	0	0	0	0	0
certain/J	-0.169647557349038	0.10481489206268278	J	1	0.020821294	1	0	0	1	0	0	0	0	0	0	0	NA	NA	NA	NA	NA	NA	NA	NA	NA
change/V	-0.22285743383633907	0.06465537203723574	V	1	0	1	0	0	1	0	0	0	0	0	0	0	NA	NA	NA	NA	NA	NA	NA	NA	NA
characteristic/J	-0.21005271567500602	0.31266063819468776	J	1	1.3386986	1	0	0	0	1	0	0	0	0	0	0	NA	NA	NA	NA	NA	NA	NA	NA	NA
child/N	-0.17459502179684813	-0.007597974558412686	N	1	0	1	0	0	0	0	0	1	0	0	0	0	NA	NA	NA	NA	NA	NA	NA	NA	NA
christ/N	0.10405860781214264	-0.007656288109012298	N	2	2.16507	0	2	1	1	0	0	0	0	0	0	0	1	1	0	0	0	0	0	0	0
christian/J	0.09777141251517141	0.1771130429196357	J	1	3.0086892	1	0	0	0	0	0	1	0	0	0	0	NA	NA	NA	NA	NA	NA	NA	NA	NA
christian/N	0.053435138783034866	0.0824063086182083	N	3	2.8997009	0	3	0	3	0	0	0	0	0	0	0	0	3	0	0	0	0	0	0	0
church-state/N	0.4452679372865037	0.14519843921994413	N	1	4.079539	0	1	0	1	0	0	0	0	0	0	0	0	1	0	0	0	0	0	0	0
church/N	0.03808914721563733	0.005788993134903028	N	16	3.1745977	11	5	0	11	2	0	3	0	0	0	0	0	4	1	0	0	0	0	0	0
circle/N	-0.20323642464353486	-0.22346178454504004	N	1	0.84086025	1	0	1	0	0	0	0	0	0	0	0	NA	NA	NA	NA	NA	NA	NA	NA	NA
civil/J	0.00956471268841681	0.10992862651548803	J	1	0.53424096	1	0	0	1	0	0	0	0	0	0	0	NA	NA	NA	NA	NA	NA	NA	NA	NA
claimant/N	0.08204464651509008	0.49482222343840543	N	1	2.4701009	0	1	0	1	0	0	0	0	0	0	0	0	1	0	0	0	0	0	0	0
class/N	-0.08107443966195585	0.06841164695842696	N	1	0.6571779	1	0	0	0	1	0	0	0	0	0	0	NA	NA	NA	NA	NA	NA	NA	NA	NA
classical/J	-0.1759964471649235	0.33523054652696277	J	1	1.594632	0	1	0	0	0	0	1	0	0	0	0	0	0	0	0	1	0	0	0	0
clergyman/N	0.2603162990948538	0.11429615965071764	N	1	2.6326196	0	1	0	1	0	0	0	0	0	0	0	0	1	0	0	0	0	0	0	0
climb/V	-0.240179417230587	-0.33254009973347254	V	2	1.7281634	0	2	0	0	0	0	2	0	0	0	0	0	0	0	0	2	0	0	0	0
co-optation/N	0.27990910723322293	0.33245251364652706	N	1	4.3026824	0	1	0	0	1	0	0	0	0	0	0	0	0	1	0	0	0	0	0	0
cognizance/N	0.5026119827571075	0.10171346548870304	N	1	4.079539	0	1	0	0	1	0	0	0	0	0	0	0	0	1	0	0	0	0	0	0
collapse/V	-0.06321430788894328	-0.447032719315824	V	1	2.2077365	1	0	0	0	1	0	0	0	0	0	0	NA	NA	NA	NA	NA	NA	NA	NA	NA
come/V	-0.19604230788589913	-0.11704936584957974	V	1	0	1	0	0	0	0	0	1	0	0	0	0	NA	NA	NA	NA	NA	NA	NA	NA	NA
commitment/N	0.17659744666236457	0.13672455243065038	N	1	2.5453632	0	1	1	0	0	0	0	0	0	0	0	1	0	0	0	0	0	0	0	0
committee/N	0.006447023151147932	0.005301217275130709	N	1	1.3143995	0	1	0	0	0	0	0	1	0	0	0	0	0	0	0	0	1	0	0	0
communion/N	0.30541805240771774	0.2619370693379459	N	1	2.5754614	1	0	0	1	0	0	0	0	0	0	0	NA	NA	NA	NA	NA	NA	NA	NA	NA
complete/J	-0.24928393280537814	0.09465762592622022	J	1	0	1	0	0	1	0	0	0	0	0	0	0	NA	NA	NA	NA	NA	NA	NA	NA	NA
complete/V	0.011306786524568218	-0.05353979249534879	V	1	1.3549591	0	1	0	0	0	0	1	0	0	0	0	0	0	0	0	1	0	0	0	0
concern/N	-0.10602648287687623	0.17477073623181483	N	2	1.0963852	0	2	0	2	0	0	0	0	0	0	0	0	2	0	0	0	0	0	0	0
conclave/N	0.4706916165224827	-0.12007688231026577	N	1	4.079539	1	0	0	1	0	0	0	0	0	0	0	NA	NA	NA	NA	NA	NA	NA	NA	NA
condemn/V	0.22939132272892965	0.19400656596265253	V	2	2.381632	0	2	0	2	0	0	0	0	0	0	0	0	2	0	0	0	0	0	0	0
condition/N	-0.1783082359591338	0.1101562101967105	N	1	0	0	1	0	0	0	0	1	0	0	0	0	0	0	0	0	1	0	0	0	0
conduct/N	0.1280145017067703	0.23050711634876653	N	1	2.4236944	0	1	0	0	1	0	0	0	0	0	0	0	0	1	0	0	0	0	0	0
confine/V	0.07271297122836926	0.41750909426130517	V	1	2.287779	1	0	0	1	0	0	0	0	0	0	0	NA	NA	NA	NA	NA	NA	NA	NA	NA
conformity/N	0.23959573498552111	0.3133908742541304	N	1	3.6740735	1	0	0	0	1	0	0	0	0	0	0	NA	NA	NA	NA	NA	NA	NA	NA	NA
confusion/N	0.01580856688480267	-0.22023601177872043	N	1	1.2463254	1	0	1	0	0	0	0	0	0	0	0	NA	NA	NA	NA	NA	NA	NA	NA	NA
consider/V	-0.13882188102139215	0.10380721173531046	V	1	0.022333663	0	1	0	1	0	0	0	0	0	0	0	0	1	0	0	0	0	0	0	0
constantine/N	0.3404425911779435	-0.20565695117383626	N	1	3.6740735	1	0	0	0	0	0	1	0	0	0	0	NA	NA	NA	NA	NA	NA	NA	NA	NA
constitutional/J	-0.008269167655977109	0.32520931153709853	J	1	1.8282468	0	1	1	0	0	0	0	0	0	0	0	1	0	0	0	0	0	0	0	0
contact/N	-0.023667707053601553	0.17670388413875343	N	1	2.000097	0	1	0	0	0	0	0	0	0	1	0	0	0	0	0	0	0	0	1	0
contemporary/J	-0.1953094111499563	0.2581069855747589	J	1	1.0114857	0	1	0	0	1	0	0	0	0	0	0	0	0	1	0	0	0	0	0	0
continence/N	0.5321454951941553	0.05083762255015881	N	1	4.772686	1	0	0	1	0	0	0	0	0	0	0	NA	NA	NA	NA	NA	NA	NA	NA	NA
contraception/N	0.41383818638654424	0.1745073313913418	N	1	4.079539	1	0	0	1	0	0	0	0	0	0	0	NA	NA	NA	NA	NA	NA	NA	NA	NA
conviction/N	0.10526487400229852	0.14359426398627143	N	1	1.7522609	1	0	0	1	0	0	0	0	0	0	0	NA	NA	NA	NA	NA	NA	NA	NA	NA
corner/N	-0.26435308370604493	-0.19578578954209142	N	1	1.2269073	0	1	0	0	1	0	0	0	0	0	0	0	0	1	0	0	0	0	0	0
council/N	0.011407022140378342	0.06848072160624272	N	4	1.594632	0	4	0	4	0	0	0	0	0	0	0	0	4	0	0	0	0	0	0	0
country/N	-0.09927380775781464	0.037291635260356434	N	1	0	1	0	0	1	0	0	0	0	0	0	0	NA	NA	NA	NA	NA	NA	NA	NA	NA
county/N	-0.047174917194597085	-0.03546254476319227	N	2	0.43408877	1	1	0	0	0	0	2	0	0	0	0	0	0	0	0	1	0	0	0	0
creature/N	0.051557567317985255	-0.30280005898641355	N	2	2.6524224	2	0	1	0	0	0	1	0	0	0	0	NA	NA	NA	NA	NA	NA	NA	NA	NA
crossroads/N	0.22833594346870828	-0.32034268513585673	N	1	2.5754614	0	1	0	0	0	0	1	0	0	0	0	0	0	0	0	1	0	0	0	0
d.-/N	0.06021624468093098	-0.10585799102159471	N	1	0.652836	1	0	0	0	0	0	0	0	1	0	0	NA	NA	NA	NA	NA	NA	NA	NA	NA
dark/J	-0.29186736105403177	-0.22635709752064673	J	1	0.177566	0	1	0	0	0	0	1	0	0	0	0	0	0	0	0	1	0	0	0	0
david/N	-0.09311489935608916	-0.26690168126597796	N	1	1.0627791	0	1	0	0	0	0	0	1	0	0	0	0	0	0	0	0	1	0	0	0
deacon/N	0.3746889692440599	-0.2860445386346397	N	1	4.5495424	0	1	0	0	0	0	0	1	0	0	0	0	0	0	0	0	1	0	0	0
decay/N	-0.10308436142800677	0.4505749118014103	N	1	2.4701009	0	1	0	0	0	0	1	0	0	0	0	0	0	0	0	1	0	0	0	0
declare/V	0.026783569974298847	0.09465222481405594	V	1	1.2317265	1	0	0	0	0	0	1	0	0	0	0	NA	NA	NA	NA	NA	NA	NA	NA	NA
decry/V	0.43710876582576785	0.11201695373191856	V	1	3.3863914	0	1	0	1	0	0	0	0	0	0	0	0	1	0	0	0	0	0	0	0
dedication/N	0.11223474624215435	0.20216234183977175	N	1	1.8823141	0	1	0	1	0	0	0	0	0	0	0	0	1	0	0	0	0	0	0	0
deem/V	0.13704800882073226	0.31481067418882847	V	1	2.3747907	1	0	0	1	0	0	0	0	0	0	0	NA	NA	NA	NA	NA	NA	NA	NA	NA
defense/N	-0.0752819103766477	0.10347100148647367	N	1	0.80428255	0	1	0	0	1	0	0	0	0	0	0	0	0	1	0	0	0	0	0	0
delhi/N	0.4697365476544202	0.10943286897013196	N	1	3.8563952	1	0	0	1	0	0	0	0	0	0	0	NA	NA	NA	NA	NA	NA	NA	NA	NA
demolish/V	0.4721406443911314	0.049870805283735116	V	1	4.079539	0	1	0	0	0	0	1	0	0	0	0	0	0	0	0	1	0	0	0	0
denomination/N	0.14917651432717915	0.21097642608652448	N	1	2.9809263	0	1	0	0	1	0	0	0	0	0	0	0	0	1	0	0	0	0	0	0
denominational/J	0.21951870947629018	0.34319636926227887	J	2	3.6740735	0	2	0	0	2	0	0	0	0	0	0	0	0	2	0	0	0	0	0	0
depict/V	0.0885936645096555	0.31865539547934607	V	1	2.757783	1	0	0	1	0	0	0	0	0	0	0	NA	NA	NA	NA	NA	NA	NA	NA	NA
derive/V	-0.2670942622753555	0.27823770272095744	V	1	0.9660234	1	0	0	1	0	0	0	0	0	0	0	NA	NA	NA	NA	NA	NA	NA	NA	NA
desire/V	0.14102756739858896	0.13364825338121383	V	1	2.2077365	1	0	0	1	0	0	0	0	0	0	0	NA	NA	NA	NA	NA	NA	NA	NA	NA
development/N	-0.10585723398703074	0.11173521727146037	N	1	0.002849051	0	1	0	0	1	0	0	0	0	0	0	0	0	1	0	0	0	0	0	0
devoted/J	0.1614334046306327	-0.1893981249487061	J	1	1.8282468	0	1	0	0	1	0	0	0	0	0	0	0	0	1	0	0	0	0	0	0
devotion/N	0.12452979524964408	0.24849833974890423	N	2	2.5754614	0	2	1	1	0	0	0	0	0	0	0	1	1	0	0	0	0	0	0	0
die/V	-0.1449802058906719	-0.15266394456329416	V	1	0.5396669	1	0	0	1	0	0	0	0	0	0	0	NA	NA	NA	NA	NA	NA	NA	NA	NA
different/J	-0.17894707966538484	0.10684243355808795	J	1	0.81044513	1	0	0	0	0	0	0	1	0	0	0	NA	NA	NA	NA	NA	NA	NA	NA	NA
difficult/J	-0.21760417461866138	0.1332913303801601	J	1	1.1368556	1	0	0	1	0	0	0	0	0	0	0	NA	NA	NA	NA	NA	NA	NA	NA	NA
discipline/N	0.01747374295193874	0.41810135463373593	N	1	2.757783	0	1	0	1	0	0	0	0	0	0	0	0	1	0	0	0	0	0	0	0
discussion/N	-0.09170623588528852	0.16428625150204146	N	1	0.298194	1	0	0	1	0	0	0	0	0	0	0	NA	NA	NA	NA	NA	NA	NA	NA	NA
dispense/V	0.4729943411561547	0.18337577967671415	V	1	3.3863914	0	1	0	0	1	0	0	0	0	0	0	0	0	1	0	0	0	0	0	0
dissenter/N	0.5255229611605875	-0.0447087753593824	N	1	4.772686	1	0	0	0	1	0	0	0	0	0	0	NA	NA	NA	NA	NA	NA	NA	NA	NA
distance/N	-0.3165380032434461	-0.057809633399131234	N	1	0.28404948	1	0	0	0	0	0	1	0	0	0	0	NA	NA	NA	NA	NA	NA	NA	NA	NA
distinction/N	-0.04772666856306714	0.3034662042451931	N	1	1.9176534	0	1	0	1	0	0	0	0	0	0	0	0	1	0	0	0	0	0	0	0
do/V	-0.22992917303614202	-0.05432372722397624	V	4	0	4	0	1	0	1	0	0	0	2	0	0	NA	NA	NA	NA	NA	NA	NA	NA	NA
doctor/N	-0.2995025436099646	-0.038487425171080135	N	1	0.05062192	0	1	1	0	0	0	0	0	0	0	0	1	0	0	0	0	0	0	0	0
door/N	-0.2741145975158783	-0.19051504079888126	N	1	0	0	1	0	1	0	0	0	0	0	0	0	0	1	0	0	0	0	0	0	0
draw/N	0.0497417427015488	-0.4447995699945063	N	2	3.8171744	2	0	0	0	0	0	2	0	0	0	0	NA	NA	NA	NA	NA	NA	NA	NA	NA
drop/V	-0.30124685986382854	-0.1477374197838192	V	1	0.08547496	1	0	0	0	1	0	0	0	0	0	0	NA	NA	NA	NA	NA	NA	NA	NA	NA
duty/N	0.0017120262244656982	0.02205576305557338	N	1	2.095095	0	1	0	1	0	0	0	0	0	0	0	0	1	0	0	0	0	0	0	0
early/J	-0.10870501617470951	-0.0012510853484185146	J	1	1.1423628	0	1	1	0	0	0	0	0	0	0	0	1	0	0	0	0	0	0	0	0
eastern/J	0.03026777266929667	0.3304089314093878	J	1	1.7769536	1	0	0	0	0	0	1	0	0	0	0	NA	NA	NA	NA	NA	NA	NA	NA	NA
easy/J	-0.2669730580580569	-0.019188952260534367	J	1	0.6087375	1	0	0	1	0	0	0	0	0	0	0	NA	NA	NA	NA	NA	NA	NA	NA	NA
economic/J	-0.05488408617908794	0.13707677487419653	J	1	0.8573351	1	0	0	0	1	0	0	0	0	0	0	NA	NA	NA	NA	NA	NA	NA	NA	NA
effective/J	-0.068560748002303315	0.13436488197112495	J	1	1.3344069	1	0	0	0	1	0	0	0	0	0	0	NA	NA	NA	NA	NA	NA	NA	NA	NA
empire/N	0.2226983667334756	-0.14429995830631628	N	1	2.521394	1	0	0	0	0	0	1	0	0	0	0	NA	NA	NA	NA	NA	NA	NA	NA	NA
empty/V	0.04777776801638296	-0.43042450681227823	V	1	2.4701009	0	1	0	0	0	0	0	0	1	0	0	0	0	0	0	0	0	1	0	0
encourage/V	-0.11598492774092027	0.19147156417095204	V	1	1.2611405	1	0	0	0	1	0	0	0	0	0	0	NA	NA	NA	NA	NA	NA	NA	NA	NA
england/N	0.04618648808305192	-0.0013886702338084692	N	12	3.0363834	4	8	0	10	1	0	1	0	0	0	0	0	8	0	0	0	0	0	0	0
enter/V	-0.14221807032356276	-0.07564305042351986	V	1	0.51707315	0	1	0	0	0	0	1	0	0	0	0	0	0	0	0	1	0	0	0	0
enthral/J	0.46922358686468446	-0.013921117465319285	J	1	4.772686	1	0	0	0	1	0	0	0	0	0	0	NA	NA	NA	NA	NA	NA	NA	NA	NA
entire/J	-0.25535229611675037	0.05491530765451344	J	1	0.20055553	1	0	0	0	1	0	0	0	0	0	0	NA	NA	NA	NA	NA	NA	NA	NA	NA
entrance/N	-0.19955689052736264	-0.31126395137830953	N	1	0.974952	0	1	0	0	0	0	1	0	0	0	0	0	0	0	0	1	0	0	0	0
environs/N	0.39602428527940337	0.23136407493791888	N	1	3.6740735	0	1	0	0	0	0	0	1	0	0	0	0	0	0	0	0	1	0	0	0
evangelism/N	0.2595076827776555	0.22684155743391782	N	1	3.6740735	0	1	0	1	0	0	0	0	0	0	0	0	1	0	0	0	0	0	0	0
every/D	-0.15411954708339193	-0.022836508800543883	D	1	0.28217858	1	0	0	0	1	0	0	0	0	0	0	NA	NA	NA	NA	NA	NA	NA	NA	NA
everybody/N	-0.17011665874983228	-0.23085930170730637	N	1	0.661812	0	1	0	0	0	0	0	0	1	0	0	0	0	0	0	0	0	1	0	0
evident/J	-0.08822093811235865	0.26125339003504255	J	2	1.8282468	2	0	0	0	2	0	0	0	0	0	0	NA	NA	NA	NA	NA	NA	NA	NA	NA
evil/N	0.11325362427432166	-0.3515388150239275	N	1	1.8282468	1	0	0	1	0	0	0	0	0	0	0	NA	NA	NA	NA	NA	NA	NA	NA	NA
exercise/V	-0.06547265272543791	0.28302715322917593	V	1	2.0318458	0	1	0	1	0	0	0	0	0	0	0	0	1	0	0	0	0	0	0	0
exhibit/V	-0.3546085384641637	0.23795457192321587	V	1	1.5145893	1	0	0	1	0	0	0	0	0	0	0	NA	NA	NA	NA	NA	NA	NA	NA	NA
exist/V	-0.1036195852116907	0.16777243129537062	V	1	1.2307608	1	0	1	0	0	0	0	0	0	0	0	NA	NA	NA	NA	NA	NA	NA	NA	NA
existing/J	-0.035950737843214425	0.22560676575386998	J	1	1.9394726	1	0	0	0	1	0	0	0	0	0	0	NA	NA	NA	NA	NA	NA	NA	NA	NA
expect/V	-0.16538134254485098	0.01795291945226444	V	1	0	0	1	0	1	0	0	0	0	0	0	0	0	1	0	0	0	0	0	0	0
experience/N	-0.13203454392147831	0.10579783163965117	N	1	1.1910205	1	0	0	1	0	0	0	0	0	0	0	NA	NA	NA	NA	NA	NA	NA	NA	NA
experience/V	-0.1327470227191122	0.2717131577479896	V	1	1.161768	0	1	0	0	0	0	1	0	0	0	0	0	0	0	0	1	0	0	0	0
explicit/J	0.13771938898086558	0.3487107286051996	J	1	2.2077365	1	0	0	1	0	0	0	0	0	0	0	NA	NA	NA	NA	NA	NA	NA	NA	NA
fact/N	-0.12477859942361677	0.07890021617610148	N	3	0.29350415	3	0	1	0	2	0	0	0	0	0	0	NA	NA	NA	NA	NA	NA	NA	NA	NA
faith/N	0.06737759362509177	0.07477464768776415	N	1	2.1176848	1	0	0	0	0	0	0	0	1	0	0	NA	NA	NA	NA	NA	NA	NA	NA	NA
fall/V	-0.24522291470342714	-0.123022010696777	V	1	0.82948726	1	0	0	0	1	0	0	0	0	0	0	NA	NA	NA	NA	NA	NA	NA	NA	NA
family/N	-0.0654048309921452	-0.004743097853664357	N	1	1.2086456	0	1	1	0	0	0	0	0	0	0	0	1	0	0	0	0	0	0	0	0
far/J	-0.23340471411087163	0.054010618838797146	J	1	0.9771967	0	1	0	0	0	0	1	0	0	0	0	0	0	0	0	1	0	0	0	0
federal/N	-0.07815030192270754	0.24686806420240692	N	1	1.0114857	0	1	0	1	0	0	0	0	0	0	0	0	1	0	0	0	0	0	0	0
feel/V	-0.24259871388924878	-0.08041198554053805	V	1	0.30448154	1	0	0	0	0	0	0	0	1	0	0	NA	NA	NA	NA	NA	NA	NA	NA	NA
feeling/N	-0.2697625203305567	0.06716558677824679	N	2	0.8973268	1	1	0	0	0	0	0	0	0	1	1	0	0	0	0	0	0	0	1	0
fellowship/N	0.1819743322095235	0.09332707713000589	N	2	3.3863914	0	2	0	1	1	0	0	0	0	0	0	0	1	1	0	0	0	0	0	0
few/N	-0.15931806300881102	-0.04113018832419431	N	1	0	1	0	0	1	0	0	0	0	0	0	0	NA	NA	NA	NA	NA	NA	NA	NA	NA
fewer/J	-0.027914061879954776	0.4484908429066646	J	1	2.4701009	1	0	0	0	0	0	0	0	1	0	0	NA	NA	NA	NA	NA	NA	NA	NA	NA
fill/V	-0.2707194829873756	-0.11139412677723282	V	1	0.124935225	0	1	0	0	0	0	0	0	1	0	0	0	0	0	0	0	0	1	0	0
find/V	-0.21316723494336787	-0.011526512526407037	V	4	0.13035752	3	1	0	2	1	0	1	0	0	0	0	0	0	1	0	0	0	0	0	0
finger/N	-0.36191444081515056	-0.18812310472762142	N	1	0.5679932	0	1	1	0	0	0	0	0	0	0	0	1	0	0	0	0	0	0	0	0
fishkill/N	0.4880968909513958	-0.15573055040411857	N	1	4.772686	0	1	0	0	0	0	1	0	0	0	0	0	0	0	0	1	0	0	0	0
follow/V	-0.13403706364167184	-0.03201209367324587	V	2	0.86483824	1	1	0	0	1	0	0	0	0	0	1	0	0	1	0	0	0	0	0	0
foot/N	-0.28334264697304196	-0.14257598079209424	N	1	0	1	0	0	0	0	0	1	0	0	0	0	NA	NA	NA	NA	NA	NA	NA	NA	NA
forbid/V	0.23755494141651048	0.1581091017112313	V	1	2.6932442	1	0	0	1	0	0	0	0	0	0	0	NA	NA	NA	NA	NA	NA	NA	NA	NA
force/N	-0.1498859078781431	0.08082580441127186	N	1	0	1	0	0	0	1	0	0	0	0	0	0	NA	NA	NA	NA	NA	NA	NA	NA	NA
forest/N	-0.050671097645541244	-0.2537276738580238	N	1	1.0838064	0	1	0	0	0	0	1	0	0	0	0	0	0	0	0	1	0	0	0	0
former/J	-0.3073538968258612	0.16304158215625564	J	1	1.0267174	0	1	0	0	0	0	1	0	0	0	0	0	0	0	0	1	0	0	0	0
fourth/J	-0.0711702603530785	-0.20476379277006693	J	1	1.55381	0	1	0	0	0	0	1	0	0	0	0	0	0	0	0	1	0	0	0	0
francesco/N	0.5060144888196972	-0.08592526208072555	N	1	4.772686	0	1	0	0	0	0	1	0	0	0	0	0	0	0	0	1	0	0	0	0
front/N	-0.25533344987278644	-0.2117207318858055	N	1	0.29534903	1	0	0	1	0	0	0	0	0	0	0	NA	NA	NA	NA	NA	NA	NA	NA	NA
frontier/N	0.22193264262458878	-0.061197918225824925	N	1	1.9394726	0	1	0	0	1	0	0	0	0	0	0	0	0	1	0	0	0	0	0	0
further/J	-0.1898752748033515	0.22545022923537184	J	1	1.0863096	1	0	0	0	0	0	1	0	0	0	0	NA	NA	NA	NA	NA	NA	NA	NA	NA
get/V	-0.23086338430896464	-0.13014592915827022	V	2	0	1	1	0	1	0	0	0	0	1	0	0	0	1	0	0	0	0	0	0	0
give/N	0.480704432758159	-0.08756589155535753	N	1	4.367221	0	1	0	0	0	0	1	0	0	0	0	0	0	0	0	1	0	0	0	0
gnaw/N	0.4867959548097646	-0.17552461236684477	N	1	4.079539	1	0	0	0	1	0	0	0	0	0	0	NA	NA	NA	NA	NA	NA	NA	NA	NA
go/V	-0.21514355275599942	-0.12820198042628958	V	7	0.1414825	0	7	0	0	0	0	0	1	6	0	0	0	0	0	0	0	1	6	0	0
goal/N	-0.08419642478604013	0.21465251823767015	N	1	1.30695	0	1	0	0	1	0	0	0	0	0	0	0	0	1	0	0	0	0	0	0
god/N	-0.06080267095474908	-0.09697170463248811	N	3	1.3939046	3	0	0	0	3	0	0	0	0	0	0	NA	NA	NA	NA	NA	NA	NA	NA	NA
graveyard/N	0.3171529562529265	-0.3737278494090583	N	1	2.9809263	0	1	0	0	0	0	1	0	0	0	0	0	0	0	0	1	0	0	0	0
great/J	-0.1375013922573789	0.029451648069305385	J	1	0	1	0	0	1	0	0	0	0	0	0	0	NA	NA	NA	NA	NA	NA	NA	NA	NA
ground/N	-0.2769455722446246	-0.09081511994085366	N	1	0	1	0	0	1	0	0	0	0	0	0	0	NA	NA	NA	NA	NA	NA	NA	NA	NA
group/N	-0.1041657869260301	0.07240116901680343	N	2	0.29662827	0	2	0	0	1	1	0	0	0	0	0	0	0	1	1	0	0	0	0	0
grow/V	-0.21950690314137636	-0.02625141105622812	V	1	0	1	0	0	1	0	0	0	0	0	0	0	NA	NA	NA	NA	NA	NA	NA	NA	NA
growing/J	-0.14231264700011728	0.2420597524159285	J	1	1.161768	1	0	0	1	0	0	0	0	0	0	0	NA	NA	NA	NA	NA	NA	NA	NA	NA
have/V	-0.1668005063151226	-0.032308537349949554	V	28	0.10091483	28	0	2	6	13	0	3	0	2	2	0	NA	NA	NA	NA	NA	NA	NA	NA	NA
headless/J	0.37057963209164807	-0.41500647870633717	J	1	4.079539	1	0	0	0	0	0	1	0	0	0	0	NA	NA	NA	NA	NA	NA	NA	NA	NA
hear/V	-0.19802019939509885	-0.14414378995752838	V	2	0.67834127	2	0	0	0	0	0	0	0	2	0	0	NA	NA	NA	NA	NA	NA	NA	NA	NA
help/V	-0.17060627237419385	0.04203452806882998	V	1	0	0	1	1	0	0	0	0	0	0	0	0	1	0	0	0	0	0	0	0	0
hierarchy/N	0.40035032457432107	0.07015565754211055	N	1	2.8267758	0	1	0	1	0	0	0	0	0	0	0	0	1	0	0	0	0	0	0	0
high/J	-0.18715245406852454	0.016594305287384273	J	2	0.63087475	2	0	0	0	1	0	1	0	0	0	0	NA	NA	NA	NA	NA	NA	NA	NA	NA
hold/V	-0.13945643116337925	-0.06828759291198931	V	3	1.0789571	0	3	0	1	0	0	1	1	0	0	0	0	1	0	0	1	1	0	0	0
home/N	-0.10310983519542723	-0.08008692759802528	N	3	0.63129866	1	2	0	0	2	0	1	0	0	0	0	0	0	1	0	1	0	0	0	0
hour/N	-0.18252339795484854	-0.06718429292577692	N	1	0.36535704	1	0	0	0	1	0	0	0	0	0	0	NA	NA	NA	NA	NA	NA	NA	NA	NA
house/N	-0.14484427611680387	-0.10457842920372856	N	1	0	0	1	0	0	0	0	1	0	0	0	0	0	0	0	0	1	0	0	0	0
ill-starred/J	0.3422768930780022	0.19725696063228065	J	1	3.3863914	1	0	0	0	0	0	0	0	0	0	1	NA	NA	NA	NA	NA	NA	NA	NA	NA
illinois/N	0.10005463609964763	-0.08582240677961017	N	1	1.2173378	0	1	0	0	1	0	0	0	0	0	0	0	0	1	0	0	0	0	0	0
immoral/J	0.42289417742812657	0.17415708920776252	J	1	3.163248	1	0	0	1	0	0	0	0	0	0	0	NA	NA	NA	NA	NA	NA	NA	NA	NA
imprison/V	0.3789218271061522	-0.35769493617289017	V	1	3.3863914	1	0	0	0	1	0	0	0	0	0	0	NA	NA	NA	NA	NA	NA	NA	NA	NA
in/J	-0.1712248437219029	0.04962458366389204	J	1	0	1	0	1	0	0	0	0	0	0	0	0	NA	NA	NA	NA	NA	NA	NA	NA	NA
include/V	-0.12017413227362393	0.04236130561401338	V	1	0	1	0	0	0	1	0	0	0	0	0	0	NA	NA	NA	NA	NA	NA	NA	NA	NA
increase/N	-0.24147538325539894	0.20669090928827205	N	1	0.002001234	1	0	0	0	1	0	0	0	0	0	0	NA	NA	NA	NA	NA	NA	NA	NA	NA
indictment/N	0.18507276887231955	-0.29730595565291756	N	1	2.2077365	0	1	0	1	0	0	0	0	0	0	0	0	1	0	0	0	0	0	0	0
indifference/N	0.1829279151394133	-0.36781761287886305	N	1	2.3747907	0	1	0	1	0	0	0	0	0	0	0	0	1	0	0	0	0	0	0	0
insight/N	-0.20891244355658228	0.3401236955001764	N	1	1.55381	0	1	1	0	0	0	0	0	0	0	0	1	0	0	0	0	0	0	0	0
insincere/J	0.4751152366058143	-0.05890897692082917	J	1	4.935205	1	0	0	1	0	0	0	0	0	0	0	NA	NA	NA	NA	NA	NA	NA	NA	NA
install/V	-0.39182280440166367	-0.06826045845048272	V	1	1.2761782	1	0	0	1	0	0	0	0	0	0	0	NA	NA	NA	NA	NA	NA	NA	NA	NA
instruct/V	0.24620981259659389	-0.04423492308016354	V	1	2.9809263	0	1	0	1	0	0	0	0	0	0	0	0	1	0	0	0	0	0	0	0
integration/N	0.00855798511630347	0.23173446001436443	N	1	1.0591137	1	0	0	0	1	0	0	0	0	0	0	NA	NA	NA	NA	NA	NA	NA	NA	NA
interest/N	-0.11898415454180439	0.08044615824261354	N	2	0.31003976	2	0	0	0	1	0	1	0	0	0	0	NA	NA	NA	NA	NA	NA	NA	NA	NA
internal/J	-0.15431623311794132	0.26819286493865	J	1	1.0114857	0	1	0	1	0	0	0	0	0	0	0	0	1	0	0	0	0	0	0	0
invest/V	0.1417578717443535	0.40160510260096033	V	1	2.6036322	1	0	0	0	0	0	1	0	0	0	0	NA	NA	NA	NA	NA	NA	NA	NA	NA
invite/V	0.10972151027650014	0.06342465877613404	V	1	2.4055622	1	0	0	0	1	0	0	0	0	0	0	NA	NA	NA	NA	NA	NA	NA	NA	NA
involved/J	-0.24113296672874693	0.17597495514903302	J	1	0.9077545	0	1	0	0	1	0	0	0	0	0	0	0	0	1	0	0	0	0	0	0
ireland/N	0.3385009828341758	-0.24851727026209403	N	1	3.7253668	0	1	0	1	0	0	0	0	0	0	0	0	1	0	0	0	0	0	0	0
irene/N	0.39659975596664365	-0.3119612215785867	N	1	4.079539	0	1	0	0	0	0	1	0	0	0	0	0	0	0	0	1	0	0	0	0
irish/J	0.06591800487728429	-0.25438119931538383	J	1	1.594632	1	0	0	0	0	0	1	0	0	0	0	NA	NA	NA	NA	NA	NA	NA	NA	NA
issue/V	0.022005446148597407	0.10603917184603447	V	1	0.8281957	0	1	0	1	0	0	0	0	0	0	0	0	1	0	0	0	0	0	0	0
ivy/N	0.22416922099086733	-0.4650320060231141	N	1	3.6740735	0	1	0	0	0	0	1	0	0	0	0	0	0	0	0	1	0	0	0	0
jesus/N	-0.00265357899743612	-0.25440464387575046	N	1	0.6634527	0	1	0	1	0	0	0	0	0	0	0	0	1	0	0	0	0	0	0	0
john/N	-0.08441225366356071	-0.09982256164982437	N	2	0.92769337	2	0	0	0	0	0	1	0	1	0	0	NA	NA	NA	NA	NA	NA	NA	NA	NA
join/V	-0.028320973760323997	-0.08013410769967916	V	6	2.2924197	0	6	0	4	2	0	0	0	0	0	0	0	4	2	0	0	0	0	0	0
justinian/N	0.3955753883361023	-0.2754306164010383	N	1	3.6740735	1	0	0	0	0	0	1	0	0	0	0	NA	NA	NA	NA	NA	NA	NA	NA	NA
kill/V	-0.21810935502999357	-0.2584560649195922	V	1	0.28798983	1	0	0	0	1	0	0	0	0	0	0	NA	NA	NA	NA	NA	NA	NA	NA	NA
largest/J	0.05635863638738157	0.2791990885044594	J	1	1.8823141	1	0	0	1	0	0	0	0	0	0	0	NA	NA	NA	NA	NA	NA	NA	NA	NA
last/J	-0.10617177639253728	-0.04595881555159997	J	1	0.056421626	1	0	0	1	0	0	0	0	0	0	0	NA	NA	NA	NA	NA	NA	NA	NA	NA
last/N	0.006018882616431567	-0.49025514481275045	N	1	2.3747907	1	0	0	1	0	0	0	0	0	0	0	NA	NA	NA	NA	NA	NA	NA	NA	NA
last/V	0.03531351920886417	-0.3207886096002898	V	1	1.594632	1	0	0	0	0	0	1	0	0	0	0	NA	NA	NA	NA	NA	NA	NA	NA	NA
latter/N	-0.27212894802710347	0.19661557794288825	N	1	1.1350996	0	1	0	1	0	0	0	0	0	0	0	0	1	0	0	0	0	0	0	0
lay/J	0.35325657467670124	0.14789111394241589	J	1	4.5903645	0	1	0	0	1	0	0	0	0	0	0	0	0	1	0	0	0	0	0	0
lead/N	-0.1379283953028575	-0.3002849099053453	N	1	1.161768	0	1	0	0	1	0	0	0	0	0	0	0	0	1	0	0	0	0	0	0
leader/N	-0.023433634477441047	0.009943776613800356	N	1	1.6455599	0	1	0	1	0	0	0	0	0	0	0	0	1	0	0	0	0	0	0	0
leadership/N	0.017476981855261652	0.1283049974819488	N	2	1.6517905	0	2	0	0	2	0	0	0	0	0	0	0	0	2	0	0	0	0	0	0
lean/V	-0.2810397429472141	-0.29638242149147465	V	1	1.0591137	0	1	0	0	0	0	1	0	0	0	0	0	0	0	0	1	0	0	0	0
leave/V	-0.2103850813096748	-0.10585823178424367	V	1	0	0	1	0	0	0	0	0	0	0	0	1	0	0	0	0	0	0	0	0	1
lend/V	-0.0316549782030105	0.3655808801740852	V	1	1.9394726	1	0	0	0	1	0	0	0	0	0	0	NA	NA	NA	NA	NA	NA	NA	NA	NA
lessen/V	0.09052725650283765	0.4276242565668576	V	1	2.6932442	1	0	0	1	0	0	0	0	0	0	0	NA	NA	NA	NA	NA	NA	NA	NA	NA
life/N	-0.11842955064507332	0.020615913573048428	N	4	0.47229546	1	3	0	1	1	0	0	0	0	2	0	0	0	1	0	0	0	0	2	0
light/N	-0.2579163644358909	-0.08384599546865709	N	1	0	1	0	0	0	1	0	0	0	0	0	0	NA	NA	NA	NA	NA	NA	NA	NA	NA
line/N	-0.27409500486799554	-0.007321097935417637	N	1	0	0	1	0	0	0	0	1	0	0	0	0	0	0	0	0	1	0	0	0	0
little/J	-0.19389052704532314	-0.06751432221754829	J	2	0.5057895	2	0	0	0	1	0	1	0	0	0	0	NA	NA	NA	NA	NA	NA	NA	NA	NA
local/J	-0.06845637278276863	0.06501514665241635	J	5	1.6163949	0	5	0	0	5	0	0	0	0	0	0	0	0	5	0	0	0	0	0	0
look/V	-0.23553977332330228	-0.12728014358327952	V	1	0.1555871	0	1	0	0	0	0	1	0	0	0	0	0	0	0	0	1	0	0	0	0
lord/N	-0.1310911526365828	-0.2324209121978066	N	1	0.29024842	0	1	1	0	0	0	0	0	0	0	0	1	0	0	0	0	0	0	0	0
lose/V	-0.18378847674948076	-0.030933932633064615	V	2	0.82787305	1	1	0	2	0	0	0	0	0	0	0	0	1	0	0	0	0	0	0	0
lower/J	-0.3248229302558119	0.2481523123916056	J	1	2.0646358	1	0	0	0	1	0	0	0	0	0	0	NA	NA	NA	NA	NA	NA	NA	NA	NA
loyalty/N	0.09671280478869855	0.292282516691197	N	1	1.8282468	0	1	0	1	0	0	0	0	0	0	0	0	1	0	0	0	0	0	0	0
luke/N	0.30701799243224437	-0.44193128367731543	N	1	3.3863914	0	1	0	0	0	0	0	1	0	0	0	0	0	0	0	0	1	0	0	0
majestic/J	0.3234402584473655	-0.2945846594460449	J	1	3.519923	0	1	0	0	0	0	1	0	0	0	0	0	0	0	0	1	0	0	0	0
major/J	-0.07037235197765607	0.1021053549413454	J	1	1.3849115	1	0	0	0	1	0	0	0	0	0	0	NA	NA	NA	NA	NA	NA	NA	NA	NA
major/N	-0.11234267070147948	-0.36227655819892773	N	1	1.30695	1	0	0	1	0	0	0	0	0	0	0	NA	NA	NA	NA	NA	NA	NA	NA	NA
make/V	-0.1658204801542514	-7.071164215698292e-4	V	5	0	4	1	1	3	1	0	0	0	0	0	0	0	1	0	0	0	0	0	0	0
malaria/N	0.4737982209897207	-0.22004728606109875	N	1	3.6740735	0	1	0	0	1	0	0	0	0	0	0	0	0	1	0	0	0	0	0	0
man/N	-0.16740873001614948	-0.08005587623387606	N	1	0	1	0	0	0	0	0	0	0	1	0	0	NA	NA	NA	NA	NA	NA	NA	NA	NA
many/J	-0.12602359096332744	0.05300677948606551	J	1	0.64635825	1	0	0	0	0	0	0	0	1	0	0	NA	NA	NA	NA	NA	NA	NA	NA	NA
many/N	-0.12049691569782293	0.012509569502662268	N	3	0.6831146	0	3	0	0	3	0	0	0	0	0	0	0	0	3	0	0	0	0	0	0
mean/V	-0.18279689808141888	0.02751637826162055	V	1	1.3781775	0	1	0	0	0	0	0	0	0	0	1	0	0	0	0	0	0	0	0	1
meet/V	-0.12186766458965263	-0.026446850804456266	V	1	0.41171265	0	1	0	1	0	0	0	0	0	0	0	0	1	0	0	0	0	0	0	0
member/N	-0.01872870141941577	0.04067055013905827	N	7	2.3520215	0	7	0	2	5	0	0	0	0	0	0	0	2	5	0	0	0	0	0	0
membership/N	0.06683498901477551	0.14060423963620014	N	3	3.4627645	1	2	0	0	3	0	0	0	0	0	0	0	0	2	0	0	0	0	0	0
message/N	-0.30638049304070275	0.10797790647231409	N	1	0.5990681	0	1	0	1	0	0	0	0	0	0	0	0	1	0	0	0	0	0	0	0
method/N	-0.1501736664904104	0.15435666608971674	N	2	1.7738335	1	1	1	1	0	0	0	0	0	0	0	1	0	0	0	0	0	0	0	0
methodist/J	0.3717987581052574	-0.042245932972851064	J	1	5.224671	0	1	0	1	0	0	0	0	0	0	0	0	1	0	0	0	0	0	0	0
metropolitan/J	0.07930249498792565	0.16846418988466233	J	3	2.724993	0	3	0	0	3	0	0	0	0	0	0	0	0	3	0	0	0	0	0	0
middle-class/J	0.16443022935147805	0.2868029792560332	J	1	3.0987093	0	1	0	0	0	0	1	0	0	0	0	0	0	0	0	1	0	0	0	0
middle/N	-0.10088807748186922	-0.16695956851572816	N	1	1.3615382	1	0	0	0	1	0	0	0	0	0	0	NA	NA	NA	NA	NA	NA	NA	NA	NA
mike/N	-0.3344828868161662	-0.24533018047390331	N	1	0.22939108	1	0	0	0	0	0	0	0	0	0	1	NA	NA	NA	NA	NA	NA	NA	NA	NA
million/N	-0.22956908105993534	0.09336814083756659	N	1	1.2173378	1	0	0	0	0	0	1	0	0	0	0	NA	NA	NA	NA	NA	NA	NA	NA	NA
minority/N	0.10369674725092315	0.2802643121080259	N	1	1.9394726	1	0	0	0	1	0	0	0	0	0	0	NA	NA	NA	NA	NA	NA	NA	NA	NA
miracle/N	0.24003230552293664	-0.20628921929266777	N	1	2.0158455	0	1	0	1	0	0	0	0	0	0	0	0	1	0	0	0	0	0	0	0
mission/N	0.03998356332439217	0.05589773246801259	N	6	2.679451	0	6	1	2	3	0	0	0	0	0	0	1	2	3	0	0	0	0	0	0
month/N	-0.10926530266507835	-0.01468573267833786	N	2	0.5853064	2	0	0	1	1	0	0	0	0	0	0	NA	NA	NA	NA	NA	NA	NA	NA	NA
moral/J	-0.05382975485543447	0.21283932213501325	J	1	1.30695	0	1	0	1	0	0	0	0	0	0	0	0	1	0	0	0	0	0	0	0
more/J	-0.19503415475963906	0.014342878812173108	J	1	0.030147897	1	0	0	0	1	0	0	0	0	0	0	NA	NA	NA	NA	NA	NA	NA	NA	NA
morning/N	-0.18441519645223803	-0.17701061251860334	N	2	1.0763344	1	1	0	0	0	0	2	0	0	0	0	0	0	0	0	1	0	0	0	0
mortgage/N	0.2863003112879108	0.024343227246030205	N	1	3.0019798	0	1	0	0	0	0	1	0	0	0	0	0	0	0	0	1	0	0	0	0
most/J	-0.06350369322103243	0.10063453899321306	J	1	1.2741601	0	1	0	1	0	0	0	0	0	0	0	0	1	0	0	0	0	0	0	0
most/N	-0.04603868802161928	-0.11636702706572939	N	2	1.161768	2	0	0	1	0	0	1	0	0	0	0	NA	NA	NA	NA	NA	NA	NA	NA	NA
move/V	-0.19931307294594577	-0.10443287879705786	V	1	0.51707315	0	1	0	0	0	0	1	0	0	0	0	0	0	0	0	1	0	0	0	0
mr.-/N	-0.1272482487766721	-0.07285808417791334	N	1	0	1	0	0	0	1	0	0	0	0	0	0	NA	NA	NA	NA	NA	NA	NA	NA	NA
much/J	-0.22032745382580549	0.08339358849233527	J	1	0.6867095	1	0	1	0	0	0	0	0	0	0	0	NA	NA	NA	NA	NA	NA	NA	NA	NA
museum/N	0.072014489030964	-0.19044738589584492	N	1	1.2761782	0	1	0	0	0	0	1	0	0	0	0	0	0	0	0	1	0	0	0	0
name/V	-0.08095512708699934	-0.23536004141489678	V	1	0.7874124	1	0	0	0	1	0	0	0	0	0	0	NA	NA	NA	NA	NA	NA	NA	NA	NA
napoleon/N	0.2524367547747724	-0.4018959411541255	N	1	2.5754614	1	0	0	0	0	0	1	0	0	0	0	NA	NA	NA	NA	NA	NA	NA	NA	NA
national/J	-0.05873753422445685	0.04505376632905394	J	2	0.56204087	1	1	0	1	1	0	0	0	0	0	0	0	0	1	0	0	0	0	0	0
near/J	-0.3771701154035517	-0.04368593137255801	J	1	1.0114857	1	0	0	0	0	0	1	0	0	0	0	NA	NA	NA	NA	NA	NA	NA	NA	NA
necessary/J	-0.1297243144359449	0.11875047138231228	J	1	0.46862078	1	0	0	1	0	0	0	0	0	0	0	NA	NA	NA	NA	NA	NA	NA	NA	NA
need/N	-0.11670811768713799	0.09853731987605324	N	1	0.6132821	0	1	0	1	0	0	0	0	0	0	0	0	1	0	0	0	0	0	0	0
need/V	-0.1732744869694946	0.03443785311266794	V	5	1.0514776	2	3	0	1	2	0	0	1	0	1	0	0	0	1	0	0	1	0	1	0
negro/N	-0.04797601354434287	0.06094758345761463	N	1	0.89112204	0	1	0	0	0	0	1	0	0	0	0	0	0	0	0	1	0	0	0	0
net/J	-0.16232871313959746	0.38512140210470786	J	1	1.8823141	1	0	0	0	1	0	0	0	0	0	0	NA	NA	NA	NA	NA	NA	NA	NA	NA
new/J	-0.08532658904120503	0.030089202067012256	J	10	1.1614462	5	5	0	3	6	0	1	0	0	0	0	0	0	4	0	1	0	0	0	0
new/N	-0.07294349797857727	-0.0348054333430433	N	2	0.39391452	2	0	0	2	0	0	0	0	0	0	0	NA	NA	NA	NA	NA	NA	NA	NA	NA
next/J	-0.11834906066342882	-0.09645825847431978	J	3	1.0580981	3	0	0	0	1	0	1	0	1	0	0	NA	NA	NA	NA	NA	NA	NA	NA	NA
no/D	-0.16172492443889488	-0.018811319137942855	D	8	0.5338352	7	1	1	3	0	0	2	0	0	2	0	0	0	0	0	1	0	0	0	0
nonconformist/N	0.4319163456344273	0.004153901637567843	N	2	5.060368	0	2	0	1	0	0	1	0	0	0	0	0	1	0	0	1	0	0	0	0
number/N	-0.1940126006715145	0.06477424105807522	N	1	0	0	1	0	0	1	0	0	0	0	0	0	0	0	1	0	0	0	0	0	0
obelisk/N	0.3807780686917532	-0.3312694673240935	N	1	3.3863914	0	1	0	0	0	0	1	0	0	0	0	0	0	0	0	1	0	0	0	0
object/V	0.2549236166176805	0.0018257275549019125	V	1	1.9394726	1	0	0	0	0	0	1	0	0	0	0	NA	NA	NA	NA	NA	NA	NA	NA	NA
observer/N	0.14756347216600194	0.020816714126282998	N	2	2.9481366	2	0	0	2	0	0	0	0	0	0	0	NA	NA	NA	NA	NA	NA	NA	NA	NA
occur/V	-0.24009919878535504	0.11404769341821512	V	1	0.04928829	1	0	0	0	0	0	1	0	0	0	0	NA	NA	NA	NA	NA	NA	NA	NA	NA
of/J	-0.17617264927362297	0.0010468490874710817	J	2	0	2	0	0	1	0	0	1	0	0	0	0	NA	NA	NA	NA	NA	NA	NA	NA	NA
of/N	-0.06786781961710983	0.021587260983669344	N	13	1.3079448	6	7	0	12	0	0	0	0	1	0	0	0	7	0	0	0	0	0	0	0
officer/N	-0.145784279755028	-0.09350164925650438	N	1	0	0	1	0	1	0	0	0	0	0	0	0	0	1	0	0	0	0	0	0	0
official/N	-0.032255330205935386	0.0326541912002717	N	1	0.87374806	1	0	0	1	0	0	0	0	0	0	0	NA	NA	NA	NA	NA	NA	NA	NA	NA
ol/V	-0.20664131949149944	-0.0301734355104516	V	1	0	1	0	0	0	0	0	1	0	0	0	0	NA	NA	NA	NA	NA	NA	NA	NA	NA
old/J	-0.15510845723114094	-0.0826284912765196	J	4	0.77666646	1	3	0	0	1	0	3	0	0	0	0	0	0	0	0	3	0	0	0	0
one/J	-0.18696242948701502	-0.016058916432266784	J	2	0	2	0	0	0	1	0	0	0	1	0	0	NA	NA	NA	NA	NA	NA	NA	NA	NA
one/N	-0.23725427833829502	-0.015147446472645716	N	2	0.5906357	2	0	0	0	0	0	1	1	0	0	0	NA	NA	NA	NA	NA	NA	NA	NA	NA
onr/N	0.4745573004151369	0.012035815630142771	N	1	4.079539	1	0	0	0	0	0	0	0	1	0	0	NA	NA	NA	NA	NA	NA	NA	NA	NA
open/V	-0.16716807044765622	-0.1303917539453619	V	2	0.7723468	0	2	0	0	2	0	0	0	0	0	0	0	0	2	0	0	0	0	0	0
opposite/J	-0.35314030106349426	-0.1390422785584039	J	1	0.95277816	0	1	0	0	0	0	1	0	0	0	0	0	0	0	0	1	0	0	0	0
opposition/N	0.07306159907884534	0.15792467394460571	N	1	1.910485	0	1	0	0	0	0	1	0	0	0	0	0	0	0	0	1	0	0	0	0
oratory/N	0.483422756266071	-0.05775690924910556	N	1	4.772686	0	1	0	0	0	0	1	0	0	0	0	0	0	0	0	1	0	0	0	0
ordain/V	0.4243908433216724	0.017609725402968915	V	1	3.3863914	0	1	0	1	0	0	0	0	0	0	0	0	1	0	0	0	0	0	0	0
order/N	-0.23153364368040352	0.07582649936198324	N	1	0	1	0	1	0	0	0	0	0	0	0	0	NA	NA	NA	NA	NA	NA	NA	NA	NA
organization/N	-0.024311238239340498	0.09922614583621543	N	4	2.0795612	1	3	0	2	2	0	0	0	0	0	0	0	1	2	0	0	0	0	0	0
orthodox/J	0.3044312114143595	0.11055409778343758	J	3	4.0105457	0	3	0	3	0	0	0	0	0	0	0	0	3	0	0	0	0	0	0	0
other/J	-0.1551992118238605	0.027988555506189002	J	2	0	1	1	0	0	0	0	2	0	0	0	0	0	0	0	0	1	0	0	0	0
ought/V	0.37849670606359664	-0.24098447935815065	V	1	2.9809263	1	0	0	0	1	0	0	0	0	0	0	NA	NA	NA	NA	NA	NA	NA	NA	NA
own/N	-0.15375486833737897	0.03958338340049026	N	1	0	1	0	0	0	1	0	0	0	0	0	0	NA	NA	NA	NA	NA	NA	NA	NA	NA
painless/J	0.4219290204442458	-0.19759188078657092	J	1	3.6740735	1	0	0	1	0	0	0	0	0	0	0	NA	NA	NA	NA	NA	NA	NA	NA	NA
pale/J	-0.3258935444215101	-0.3274628004414965	J	1	1.161768	0	1	0	1	0	0	0	0	0	0	0	0	1	0	0	0	0	0	0	0
park/N	-0.06857807902337562	-0.15148404442340493	N	2	1.0179017	0	2	0	0	0	0	2	0	0	0	0	0	0	0	0	2	0	0	0	0
particular/J	-0.1541434713079425	0.13896154186703022	J	1	0.8349951	0	1	0	1	0	0	0	0	0	0	0	0	1	0	0	0	0	0	0	0
pass/V	-0.24550905143646504	-0.07140101691105669	V	1	0	0	1	0	0	0	0	1	0	0	0	0	0	0	0	0	1	0	0	0	0
past/J	-0.07285445565388408	-0.06893918675902377	J	4	1.5074036	1	3	0	1	0	0	3	0	0	0	0	0	0	0	0	3	0	0	0	0
pastor/N	0.20369885062374174	-0.0791982881057567	N	1	3.3376014	0	1	0	1	0	0	0	0	0	0	0	0	1	0	0	0	0	0	0	0
peeling/J	0.4918603132284101	-0.2112455410755054	J	1	4.772686	1	0	0	0	0	0	1	0	0	0	0	NA	NA	NA	NA	NA	NA	NA	NA	NA
pennsylvania/N	0.01601160230133975	-0.20792387189595685	N	1	1.0838064	1	0	0	0	0	0	1	0	0	0	0	NA	NA	NA	NA	NA	NA	NA	NA	NA
percent/N	-0.052106560597343844	0.17739429960092723	N	4	1.3026623	4	0	0	0	4	0	0	0	0	0	0	NA	NA	NA	NA	NA	NA	NA	NA	NA
period/N	-0.10672106263660193	0.08219392447665844	N	2	1.2455903	2	0	0	0	0	0	1	0	0	0	1	NA	NA	NA	NA	NA	NA	NA	NA	NA
periodic/J	0.1606724447198707	0.43884104707433325	J	1	2.6932442	1	0	0	1	0	0	0	0	0	0	0	NA	NA	NA	NA	NA	NA	NA	NA	NA
perpetual/J	0.4397932943535029	-0.18638104066587982	J	1	3.6740735	1	0	0	0	1	0	0	0	0	0	0	NA	NA	NA	NA	NA	NA	NA	NA	NA
person/N	-0.09297299550766529	0.023391540654942495	N	2	1.151238	1	1	0	1	1	0	0	0	0	0	0	0	0	1	0	0	0	0	0	0
pervade/V	0.4544068483589447	0.22351850316937522	V	1	4.367221	1	0	0	1	0	0	0	0	0	0	0	NA	NA	NA	NA	NA	NA	NA	NA	NA
philanthropic/J	0.423380495679846	0.06298630178852875	J	1	3.6740735	1	0	0	1	0	0	0	0	0	0	0	NA	NA	NA	NA	NA	NA	NA	NA	NA
phrase/N	-0.03672838256933953	-0.3334388020340796	N	1	1.3714885	1	0	1	0	0	0	0	0	0	0	0	NA	NA	NA	NA	NA	NA	NA	NA	NA
pioneer/V	0.38726553353788196	-0.07268284764395751	V	1	4.367221	0	1	0	0	1	0	0	0	0	0	0	0	0	1	0	0	0	0	0	0
pittsburgh/N	0.1266246690444144	-0.19097585209312415	N	2	2.287779	2	0	0	0	2	0	0	0	0	0	0	NA	NA	NA	NA	NA	NA	NA	NA	NA
place/N	-0.21411556033717136	-0.06185366521199342	N	1	0	0	1	0	0	0	0	0	1	0	0	0	0	0	0	0	0	1	0	0	0
plan/N	-0.08624461898840793	0.043995620161171554	N	1	0.6242741	0	1	0	0	1	0	0	0	0	0	0	0	0	1	0	0	0	0	0	0
plan/V	-0.05257508797830555	-0.039330256216125195	V	1	0.29534903	1	0	0	0	0	0	1	0	0	0	0	NA	NA	NA	NA	NA	NA	NA	NA	NA
planned/J	0.11309803519985262	0.4342277507351655	J	1	2.5754614	1	0	0	0	1	0	0	0	0	0	0	NA	NA	NA	NA	NA	NA	NA	NA	NA
pledge/N	0.34844294509976764	0.0660472884881209	N	1	3.163248	0	1	0	0	1	0	0	0	0	0	0	0	0	1	0	0	0	0	0	0
point/V	-0.2821301579334715	0.026440121628983574	V	1	0.17403689	0	1	1	0	0	0	0	0	0	0	0	1	0	0	0	0	0	0	0	0
pontiff/N	0.5014875222679668	0.044743850909826695	N	1	4.772686	0	1	1	0	0	0	0	0	0	0	0	1	0	0	0	0	0	0	0	0
pool/N	-0.30887180457055047	-0.0025452083637343753	N	1	0.073115	0	1	0	0	0	0	0	1	0	0	0	0	0	0	0	0	1	0	0	0
population/N	-0.07825279450343207	0.15265445149719628	N	2	1.5308751	0	2	0	0	1	0	0	0	1	0	0	0	0	1	0	0	0	1	0	0
position/N	-0.19687353947123515	0.040595930770508375	N	1	0.25634688	0	1	0	1	0	0	0	0	0	0	0	0	1	0	0	0	0	0	0	0
possible/J	-0.181251135112863	0.07852570902950211	J	1	0	1	0	1	0	0	0	0	0	0	0	0	NA	NA	NA	NA	NA	NA	NA	NA	NA
practical/J	-0.048531459280621844	0.23733742005307537	J	1	1.7389355	1	0	1	0	0	0	0	0	0	0	0	NA	NA	NA	NA	NA	NA	NA	NA	NA
pre-fair/J	0.4810156405741322	-0.1440178623206473	J	1	4.772686	0	1	0	0	0	0	0	1	0	0	0	0	0	0	0	0	1	0	0	0
preparatory/J	0.283457623634662	0.24312240723947076	J	1	3.163248	0	1	0	0	1	0	0	0	0	0	0	0	0	1	0	0	0	0	0	0
prepare/V	-0.21099328320731967	0.1344194787804441	V	1	0.29705504	1	0	0	1	0	0	0	0	0	0	0	NA	NA	NA	NA	NA	NA	NA	NA	NA
presbyterian/J	0.33508056486000926	-0.03763506892799425	J	2	4.9958296	0	2	0	1	1	0	0	0	0	0	0	0	1	1	0	0	0	0	0	0
present/J	-0.1290074954111622	0.09663167821944554	J	1	0	1	0	0	1	0	0	0	0	0	0	0	NA	NA	NA	NA	NA	NA	NA	NA	NA
present/V	-0.09731142558743452	0.06054830105217371	V	1	0.70109826	1	0	0	0	1	0	0	0	0	0	0	NA	NA	NA	NA	NA	NA	NA	NA	NA
prevent/V	-0.24191949683599126	0.12190371170866869	V	1	0.177566	1	0	1	0	0	0	0	0	0	0	0	NA	NA	NA	NA	NA	NA	NA	NA	NA
principal/J	0.024844615706780517	0.19227887784019376	J	1	1.8282468	1	0	0	0	0	0	0	0	1	0	0	NA	NA	NA	NA	NA	NA	NA	NA	NA
problem/N	-0.1406068209464047	0.0853143600917926	N	1	0	1	0	0	1	0	0	0	0	0	0	0	NA	NA	NA	NA	NA	NA	NA	NA	NA
process/N	-0.12536374337616257	0.15582100433733806	N	1	1.4310026	1	0	0	0	1	0	0	0	0	0	0	NA	NA	NA	NA	NA	NA	NA	NA	NA
proclaim/V	0.2438104588337037	0.07213043864815948	V	1	2.2469573	0	1	0	1	0	0	0	0	0	0	0	0	1	0	0	0	0	0	0	0
proclamation/N	0.2545403915399649	0.3787740502006672	N	1	2.5754614	0	1	0	1	0	0	0	0	0	0	0	0	1	0	0	0	0	0	0	0
produce/V	-0.23276374855886514	0.108957193983919	V	1	0	0	1	0	0	1	0	0	0	0	0	0	0	0	1	0	0	0	0	0	0
program/N	-0.0764935025908485	0.06591644743054599	N	3	1.2206767	0	3	0	1	1	0	0	0	1	0	0	0	1	1	0	0	0	1	0	0
prohibition/N	0.27877639512043495	0.27882691921663616	N	1	2.3747907	1	0	0	1	0	0	0	0	0	0	0	NA	NA	NA	NA	NA	NA	NA	NA	NA
projection/N	-0.13667980129679627	0.42054401171497063	N	1	2.0646358	0	1	0	0	1	0	0	0	0	0	0	0	0	1	0	0	0	0	0	0
propose/V	-0.05916519267626534	0.1936211904022271	V	1	0.84086025	1	0	0	0	0	0	1	0	0	0	0	NA	NA	NA	NA	NA	NA	NA	NA	NA
protestant/J	0.12492309041812595	0.14052645140898243	J	5	2.8267758	1	4	0	3	1	0	1	0	0	0	0	0	2	1	0	1	0	0	0	0
protestant/N	0.13781649773171475	0.1821957347808029	N	4	2.8631434	1	3	0	2	0	0	1	0	1	0	0	0	2	0	0	1	0	0	0	0
provide/V	-0.134806040361637	0.08139408910050328	V	1	0.054931313	1	0	0	0	0	0	0	1	0	0	0	NA	NA	NA	NA	NA	NA	NA	NA	NA
punish/V	0.16396020002541686	-0.37699000856513704	V	1	2.4701009	1	0	0	1	0	0	0	0	0	0	0	NA	NA	NA	NA	NA	NA	NA	NA	NA
purification/N	0.42658868883724604	0.2985816312272029	N	1	3.6740735	0	1	0	1	0	0	0	0	0	0	0	0	1	0	0	0	0	0	0	0
push/V	-0.28840991261016075	-0.15389882405440533	V	1	0.4452474	0	1	0	1	0	0	0	0	0	0	0	0	1	0	0	0	0	0	0	0
quiet/J	-0.1510008323877136	-0.26649798705892314	J	1	1.5468345	1	0	0	0	0	0	1	0	0	0	0	NA	NA	NA	NA	NA	NA	NA	NA	NA
ragged/J	-0.053336921382687516	-0.49597131260911004	J	1	2.6932442	1	0	0	0	0	0	1	0	0	0	0	NA	NA	NA	NA	NA	NA	NA	NA	NA
ratify/V	0.2614343693659136	0.3213012587278293	V	1	3.163248	1	0	0	1	0	0	0	0	0	0	0	NA	NA	NA	NA	NA	NA	NA	NA	NA
reason/N	-0.15846405596090576	0.07980510041014233	N	1	0	1	0	0	0	0	0	0	0	1	0	0	NA	NA	NA	NA	NA	NA	NA	NA	NA
rebuild/V	0.3266238486692246	-0.10409814225787466	V	1	2.6932442	0	1	0	0	0	0	1	0	0	0	0	0	0	0	0	1	0	0	0	0
receive/V	-0.08647751824173744	0.014655022193134503	V	1	0.510006	0	1	0	1	0	0	0	0	0	0	0	0	1	0	0	0	0	0	0	0
recent/J	-0.07214472599831023	0.07882743237952929	J	1	0	1	0	0	0	1	0	0	0	0	0	0	NA	NA	NA	NA	NA	NA	NA	NA	NA
reception/N	0.1496262440320126	-0.11922975572567344	N	1	2.4701009	0	1	0	0	0	0	1	0	0	0	0	0	0	0	0	1	0	0	0	0
reconcile/V	0.3457841681091233	0.26229569098872446	V	1	2.9809263	0	1	0	1	0	0	0	0	0	0	0	0	1	0	0	0	0	0	0	0
recruit/V	0.2037746335800949	0.3019061381106987	V	1	2.9809263	0	1	0	0	1	0	0	0	0	0	0	0	0	1	0	0	0	0	0	0
recruitment/N	0.30162905540613527	0.3462680004604241	N	1	2.9809263	0	1	0	0	1	0	0	0	0	0	0	0	0	1	0	0	0	0	0	0
rector/N	0.008373485197284298	-0.29416998999901117	N	1	1.8892828	0	1	0	0	0	0	0	1	0	0	0	0	0	0	0	0	1	0	0	0
red/J	-0.2860533336790603	-0.19524021877117934	J	1	0.32358485	1	0	0	0	0	0	1	0	0	0	0	NA	NA	NA	NA	NA	NA	NA	NA	NA
redundant/J	0.4540457142123299	0.08962914667569558	J	1	4.772686	0	1	0	0	0	0	1	0	0	0	0	0	0	0	0	1	0	0	0	0
regard/V	-0.1254390783631167	0.17237084158662339	V	1	0.44195253	0	1	1	0	0	0	0	0	0	0	0	1	0	0	0	0	0	0	0	0
relieve/V	0.1330174255284567	-0.29945340206858195	V	1	2.000097	1	0	0	0	1	0	0	0	0	0	0	NA	NA	NA	NA	NA	NA	NA	NA	NA
religious/J	-0.008184060751384082	0.12334618072970258	J	3	2.2980592	2	1	0	1	0	0	0	0	1	1	0	0	0	0	0	0	0	0	1	0
remark/N	0.09832482931978634	-0.0365872400678835	N	1	0.90148485	1	0	0	0	0	0	1	0	0	0	0	NA	NA	NA	NA	NA	NA	NA	NA	NA
remove/V	-0.2897943567705442	0.047985318226459524	V	1	0.8418411	0	1	0	0	0	0	1	0	0	0	0	0	0	0	0	1	0	0	0	0
renewal/N	0.2608928020159161	0.29815259182728104	N	1	2.8267758	0	1	0	1	0	0	0	0	0	0	0	0	1	0	0	0	0	0	0	0
repair/N	-0.004926921442567545	-0.32565913434206073	N	1	2.5754614	0	1	0	0	0	0	1	0	0	0	0	0	0	0	0	1	0	0	0	0
repair/V	0.07000964325505762	-0.4081587152894725	V	1	2.2077365	0	1	0	0	0	0	1	0	0	0	0	0	0	0	0	1	0	0	0	0
representative/N	0.04417133779097697	0.03321664914359349	N	1	1.4062525	0	1	0	1	0	0	0	0	0	0	0	0	1	0	0	0	0	0	0	0
require/J	0.1301975895031729	0.3701856722060195	J	1	2.4701009	0	1	1	0	0	0	0	0	0	0	0	1	0	0	0	0	0	0	0	0
require/V	-0.1492698934456517	0.1146893678450398	V	1	0.9397061	0	1	0	0	1	0	0	0	0	0	0	0	0	1	0	0	0	0	0	0
requirement/N	-0.1788259788203475	0.1881178003288408	N	1	0.5241906	1	0	1	0	0	0	0	0	0	0	0	NA	NA	NA	NA	NA	NA	NA	NA	NA
respect/V	0.10005074626817025	0.3697101356810867	V	1	2.000097	0	1	0	1	0	0	0	0	0	0	0	0	1	0	0	0	0	0	0	0
rest/N	-0.3086102774710471	-0.07804612800436372	N	1	0.27287617	0	1	0	0	0	0	1	0	0	0	0	0	0	0	0	1	0	0	0	0
rev./N	0.23019607909186582	-0.1096741292397579	N	2	2.8755658	0	2	0	0	1	0	0	0	1	0	0	0	0	1	0	0	0	1	0	0
reverse/V	0.18960648089710422	-0.2013170586120219	V	1	2.6326196	1	0	0	1	0	0	0	0	0	0	0	NA	NA	NA	NA	NA	NA	NA	NA	NA
revivify/V	0.484412378552375	0.030766601870663202	V	1	4.772686	0	1	1	0	0	0	0	0	0	0	0	1	0	0	0	0	0	0	0	0
rich/J	-0.35101611248352654	0.048033691562065925	J	1	0.65040195	1	0	0	0	1	0	0	0	0	0	0	NA	NA	NA	NA	NA	NA	NA	NA	NA
ripa/N	0.5163961121392145	-0.09727321349088089	N	1	4.772686	1	0	0	0	0	0	1	0	0	0	0	NA	NA	NA	NA	NA	NA	NA	NA	NA
rite/N	0.24818324401973604	-0.366149242559363	N	1	2.4701009	0	1	0	1	0	0	0	0	0	0	0	0	1	0	0	0	0	0	0	0
river/N	-0.21575471062672105	-0.1692823152681388	N	1	0	0	1	0	0	0	0	1	0	0	0	0	0	0	0	0	1	0	0	0	0
role/N	-0.12258284836022162	0.1600891361784513	N	1	0.7349116	0	1	1	0	0	0	0	0	0	0	0	1	0	0	0	0	0	0	0	0
roman/J	0.1643997346150185	0.10979043036920562	J	3	3.761085	0	3	0	2	0	0	1	0	0	0	0	0	2	0	0	1	0	0	0	0
rome/N	0.1978232216745333	-0.10388553878159502	N	2	3.053497	0	2	0	2	0	0	0	0	0	0	0	0	2	0	0	0	0	0	0	0
roof/N	-0.2838178495447777	-0.2620296208426761	N	1	0.7662622	0	1	0	0	0	0	1	0	0	0	0	0	0	0	0	1	0	0	0	0
row/N	-0.23381190857150927	-0.27372025390933424	N	1	1.0397896	1	0	0	0	0	0	1	0	0	0	0	NA	NA	NA	NA	NA	NA	NA	NA	NA
sacrament/N	0.4897569265836902	-0.031740097855750285	N	1	4.079539	0	1	0	1	0	0	0	0	0	0	0	0	1	0	0	0	0	0	0	0
salvation/N	0.2232851246977983	0.1004862474872019	N	1	2.8303535	1	0	1	0	0	0	0	0	0	0	0	NA	NA	NA	NA	NA	NA	NA	NA	NA
same/J	-0.2069954364482629	0.041107235920801934	J	2	0.6871298	1	1	0	0	0	0	1	1	0	0	0	0	0	0	0	0	1	0	0	0
san/N	-0.02517802547121018	-0.22019883017825576	N	1	0.78462815	0	1	0	0	0	0	1	0	0	0	0	0	0	0	0	1	0	0	0	0
saturday/N	0.01896536466233131	-0.11587042863533865	N	1	1.9884465	0	1	0	0	0	0	0	0	1	0	0	0	0	0	0	0	0	1	0	0
say/V	-0.18863974063977468	-0.12381128608111125	V	2	0	2	0	0	2	0	0	0	0	0	0	0	NA	NA	NA	NA	NA	NA	NA	NA	NA
schedule/V	0.1254581181948932	-0.11006166889643326	V	2	2.1699963	0	2	0	0	0	1	0	0	1	0	0	0	0	0	1	0	0	1	0	0
scholar/N	0.17370164190789264	-0.06974800735691601	N	1	1.6371917	0	1	1	0	0	0	0	0	0	0	0	1	0	0	0	0	0	0	0	0
school/N	-0.07566315986945074	0.01779369154200683	N	3	0.5212358	0	3	0	0	2	0	1	0	0	0	0	0	0	2	0	1	0	0	0	0
scotland/N	0.37566183855296814	-0.005643323757210143	N	1	3.6740735	0	1	0	1	0	0	0	0	0	0	0	0	1	0	0	0	0	0	0	0
scriptural/J	0.4798570585948496	-0.09188486353208275	J	1	4.079539	1	0	0	1	0	0	0	0	0	0	0	NA	NA	NA	NA	NA	NA	NA	NA	NA
sculpture/N	-0.040081353897139	-0.38645611914233663	N	1	1.8823141	0	1	0	0	0	0	1	0	0	0	0	0	0	0	0	1	0	0	0	0
second/J	-0.16447819729929763	-0.051921835300971775	J	1	0.08501445	1	0	0	1	0	0	0	0	0	0	0	NA	NA	NA	NA	NA	NA	NA	NA	NA
secret/J	0.053396222964810204	-0.15101106008988205	J	1	1.1091242	1	0	0	1	0	0	0	0	0	0	0	NA	NA	NA	NA	NA	NA	NA	NA	NA
see/V	-0.22642049708194176	-0.10552171731782793	V	1	0	0	1	0	0	0	0	1	0	0	0	0	0	0	0	0	1	0	0	0	0
seem/V	-0.19626314973344472	-0.004465651450152332	V	1	0	1	0	0	0	0	0	0	0	1	0	0	NA	NA	NA	NA	NA	NA	NA	NA	NA
sell/V	-0.26339316632053095	0.006499983118405134	V	1	0.16452016	0	1	0	0	0	0	1	0	0	0	0	0	0	0	0	1	0	0	0	0
separation/N	0.3251044820626038	-0.16154171177920365	N	1	2.5754614	1	0	1	0	0	0	0	0	0	0	0	NA	NA	NA	NA	NA	NA	NA	NA	NA
service/N	-0.05211243809347683	0.0404628229908671	N	1	1.3604386	1	0	0	0	0	0	1	0	0	0	0	NA	NA	NA	NA	NA	NA	NA	NA	NA
sexton/N	0.47113128600961934	-0.03996341558757201	N	1	4.772686	0	1	0	0	0	0	0	1	0	0	0	0	0	0	0	0	1	0	0	0
share/N	-0.2388546243768658	0.18150555185067885	N	1	0.29534903	1	0	0	0	1	0	0	0	0	0	0	NA	NA	NA	NA	NA	NA	NA	NA	NA
shift/N	-0.23159306132616628	0.25338204088414795	N	1	1.9693254	1	0	0	0	0	0	0	0	1	0	0	NA	NA	NA	NA	NA	NA	NA	NA	NA
shopping/N	0.09825377882918597	-0.236363578396921	N	1	1.8282468	0	1	0	0	0	0	1	0	0	0	0	0	0	0	0	1	0	0	0	0
show/V	-0.2274752157119053	0.030495862857812625	V	1	0	1	0	0	0	1	0	0	0	0	0	0	NA	NA	NA	NA	NA	NA	NA	NA	NA
side/N	-0.2541398691662328	-0.13034323814053753	N	2	0	1	1	0	0	0	0	2	0	0	0	0	0	0	0	0	1	0	0	0	0
sidewalk/N	-0.14076226797244168	-0.3927582367802356	N	1	1.6816434	0	1	0	0	0	0	1	0	0	0	0	0	0	0	0	1	0	0	0	0
sit/V	-0.21082307553994667	-0.18421264917093416	V	1	0	1	0	0	0	1	0	0	0	0	0	0	NA	NA	NA	NA	NA	NA	NA	NA	NA
slate/N	0.11648586115662554	-0.4285665258322585	N	1	2.5754614	0	1	0	0	0	0	1	0	0	0	0	0	0	0	0	1	0	0	0	0
slip/V	-0.2666902254378842	-0.30941144001232057	V	1	1.2761782	0	1	0	0	0	0	1	0	0	0	0	0	0	0	0	1	0	0	0	0
slough/N	0.5043902979359869	0.012204538881374762	N	1	4.8780465	0	1	0	0	0	0	1	0	0	0	0	0	0	0	0	1	0	0	0	0
small/J	-0.2030738842578447	-0.039583577397428606	J	2	0.39303705	1	1	0	0	0	0	2	0	0	0	0	0	0	0	0	1	0	0	0	0
social/J	-0.05645274515791596	0.1169864135978955	J	1	1.3474058	0	1	0	0	1	0	0	0	0	0	0	0	0	1	0	0	0	0	0	0
society/N	-0.05664026722629886	0.09762929809634958	N	1	0.22593959	0	1	0	1	0	0	0	0	0	0	0	0	1	0	0	0	0	0	0	0
some/D	-0.15310506127175091	0.004218083111838393	D	2	0.18623988	0	2	0	0	2	0	0	0	0	0	0	0	0	2	0	0	0	0	0	0
some/J	-0.21086891241047986	0.06280602794612808	J	1	0	0	1	0	0	0	0	1	0	0	0	0	0	0	0	0	1	0	0	0	0
source/N	-0.2073443734942825	0.14130261775348113	N	1	0.05418699	0	1	1	0	0	0	0	0	0	0	0	1	0	0	0	0	0	0	0	0
spanish/J	0.011769062343815712	-0.40865273638982547	J	1	2.0646358	1	0	0	0	0	0	1	0	0	0	0	NA	NA	NA	NA	NA	NA	NA	NA	NA
speak/V	-0.11596424202196681	-0.05474112231050717	V	1	0.19565798	1	0	0	0	1	0	0	0	0	0	0	NA	NA	NA	NA	NA	NA	NA	NA	NA
special/J	-0.0848591874951506	0.03931565799538719	J	1	0.31254146	1	0	0	0	0	0	0	0	1	0	0	NA	NA	NA	NA	NA	NA	NA	NA	NA
spirit/N	-0.13188579614985038	0.06504188664212276	N	1	0	1	0	0	1	0	0	0	0	0	0	0	NA	NA	NA	NA	NA	NA	NA	NA	NA
splendid/J	-0.020341527048642036	-0.45068443360144683	J	1	2.2077365	0	1	0	0	0	0	1	0	0	0	0	0	0	0	0	1	0	0	0	0
sponsor/V	0.11991304465750466	0.011648708587977227	V	1	1.2761782	0	1	0	0	1	0	0	0	0	0	0	0	0	1	0	0	0	0	0	0
spur/N	0.11477980320099913	-0.3950144278740332	N	1	2.5754614	0	1	0	0	0	0	1	0	0	0	0	0	0	0	0	1	0	0	0	0
st./N	-0.049330939948282256	-0.1336160687491761	N	4	1.4672655	0	4	0	0	0	0	2	2	0	0	0	0	0	0	0	2	2	0	0	0
stance/N	0.40209197680326225	0.21639106628082205	N	1	3.8563952	0	1	0	1	0	0	0	0	0	0	0	0	1	0	0	0	0	0	0	0
stand/N	-0.02935864212871789	-0.19555656955761927	N	1	1.0114857	0	1	0	1	0	0	0	0	0	0	0	0	1	0	0	0	0	0	0	0
stand/V	-0.21701259422011346	-0.11774303261553191	V	1	0.40609017	1	0	1	0	0	0	0	0	0	0	0	NA	NA	NA	NA	NA	NA	NA	NA	NA
stare/V	-0.29735678966301693	-0.2893912975701569	V	1	0.661812	0	1	0	0	0	0	1	0	0	0	0	0	0	0	0	1	0	0	0	0
start/V	-0.22145289530820936	-0.11410954528999863	V	3	0.46507975	0	3	0	0	2	0	1	0	0	0	0	0	0	2	0	1	0	0	0	0
state/N	-0.09339873716275543	0.04617522088801956	N	4	0	1	3	3	0	0	0	1	0	0	0	0	3	0	0	0	0	0	0	0	0
statistic/N	0.3741397551643357	0.11803173108949892	N	1	3.519923	0	1	0	1	0	0	0	0	0	0	0	0	1	0	0	0	0	0	0	0
status/N	-0.08744768602123618	0.20824764321961114	N	1	0.6634527	1	0	0	0	1	0	0	0	0	0	0	NA	NA	NA	NA	NA	NA	NA	NA	NA
steeple/N	0.1397912167000581	-0.39151748166819916	N	3	4.5903645	0	3	0	0	0	0	3	0	0	0	0	0	0	0	0	3	0	0	0	0
step/N	-0.23584663076323598	0.0013189154522362328	N	1	0.8764535	1	0	0	1	0	0	0	0	0	0	0	NA	NA	NA	NA	NA	NA	NA	NA	NA
steps/N	-0.17739079002377717	-0.3852446138952648	N	1	1.4404813	0	1	0	0	0	0	1	0	0	0	0	0	0	0	0	1	0	0	0	0
stone/N	-0.23555911194615745	-0.2776470112342824	N	1	0.6951484	0	1	0	0	0	0	1	0	0	0	0	0	0	0	0	1	0	0	0	0
storefront/N	0.44596740200691876	-0.25897547589221265	N	1	4.079539	0	1	0	0	0	0	1	0	0	0	0	0	0	0	0	1	0	0	0	0
strategic/J	-0.15824398240761103	0.38559368951138706	J	1	1.9394726	0	1	0	0	1	0	0	0	0	0	0	0	0	1	0	0	0	0	0	0
strengthen/V	0.04850492784699126	0.24570906926374458	V	1	2.2469573	0	1	0	0	1	0	0	0	0	0	0	0	0	1	0	0	0	0	0	0
stress/V	0.028545294642642764	0.2211609858670544	V	1	1.910485	1	0	1	0	0	0	0	0	0	0	0	NA	NA	NA	NA	NA	NA	NA	NA	NA
study/N	-0.16161135662476395	0.12659401019117972	N	1	0	1	0	0	0	1	0	0	0	0	0	0	NA	NA	NA	NA	NA	NA	NA	NA	NA
study/V	-0.18535558564429008	0.09478998736514752	V	2	0.697694	1	1	0	0	1	0	1	0	0	0	0	0	0	1	0	0	0	0	0	0
style/N	-0.2814924421953989	0.08879468796265777	N	1	1.0161477	1	0	0	0	1	0	0	0	0	0	0	NA	NA	NA	NA	NA	NA	NA	NA	NA
suburb/N	0.0841204383596674	-0.19517852902580926	N	1	1.5598282	0	1	0	0	0	0	1	0	0	0	0	0	0	0	0	1	0	0	0	0
suburban/J	0.044038777846512056	-0.16964252467037325	J	1	1.4404813	0	1	0	0	1	0	0	0	0	0	0	0	0	1	0	0	0	0	0	0
such/N	-0.14247124119255497	0.0570929690918695	N	1	0.49900037	0	1	0	0	0	0	0	1	0	0	0	0	0	0	0	0	1	0	0	0
sufficient/J	-0.19700022646152623	0.24503559840914907	J	1	0.98849624	1	0	0	0	0	0	0	1	0	0	0	NA	NA	NA	NA	NA	NA	NA	NA	NA
sunday/N	0.020051033295171203	-0.067305453159256	N	4	2.8166234	0	4	0	0	1	0	1	0	2	0	0	0	0	1	0	1	0	2	0	0
supper/N	-0.07008201852546339	-0.34386576945767827	N	1	1.30695	0	1	1	0	0	0	0	0	0	0	0	1	0	0	0	0	0	0	0	0
support/V	-0.13175415783537806	0.1504570102718216	V	1	0.3937891	0	1	0	0	1	0	0	0	0	0	0	0	0	1	0	0	0	0	0	0
surrender/N	0.1569556306345242	-0.45264099346665704	N	1	2.4701009	0	1	0	1	0	0	0	0	0	0	0	0	1	0	0	0	0	0	0	0
symbolism/N	0.2327451152545977	0.4068389105648761	N	1	2.833944	0	1	1	0	0	0	0	0	0	0	0	1	0	0	0	0	0	0	0	0
take/V	-0.17395407367472607	-0.0550890272506875	V	4	0	2	2	0	1	2	0	0	0	0	0	1	0	0	2	0	0	0	0	0	0
teaching/N	0.007684292908703122	0.25490750901201353	N	1	1.7769536	0	1	0	0	1	0	0	0	0	0	0	0	0	1	0	0	0	0	0	0
tell/V	-0.19201576745107526	-0.13659868771874692	V	1	0.32465693	1	0	0	0	0	0	1	0	0	0	0	NA	NA	NA	NA	NA	NA	NA	NA	NA
temple/N	0.16098824646779292	-0.2546823471408903	N	1	2.3747907	0	1	0	0	0	0	1	0	0	0	0	0	0	0	0	1	0	0	0	0
th/N	-0.0735551085070397	-0.18855385804156613	N	1	0.076761305	1	0	0	0	0	0	1	0	0	0	0	NA	NA	NA	NA	NA	NA	NA	NA	NA
the/D	-0.0894478536278466	-0.0021407830982224166	D	240	0.35416323	96	144	23	95	49	0	56	7	4	4	2	14	62	26	0	31	4	2	3	2
theologian/N	0.20139724801109243	0.22738738738838093	N	1	3.45093	0	1	0	1	0	0	0	0	0	0	0	0	1	0	0	0	0	0	0	0
theological/J	0.08428334495973976	0.24483670703828578	J	2	2.287779	0	2	2	0	0	0	0	0	0	0	0	2	0	0	0	0	0	0	0	0
these/D	-0.16114382938854566	0.050060683034825304	D	1	0	0	1	0	0	0	0	1	0	0	0	0	0	0	0	0	1	0	0	0	0
thin/J	-0.3167235761549937	-0.2255724015230768	J	1	0.46862078	1	0	0	0	0	0	1	0	0	0	0	NA	NA	NA	NA	NA	NA	NA	NA	NA
thing/N	-0.22785646113248445	-0.035174324084261493	N	2	0	2	0	0	1	1	0	0	0	0	0	0	NA	NA	NA	NA	NA	NA	NA	NA	NA
think/V	-0.23376971592424417	-0.08948474429013847	V	1	0	1	0	0	0	0	0	1	0	0	0	0	NA	NA	NA	NA	NA	NA	NA	NA	NA
this/D	-0.1291478483008737	0.03186171347807466	D	9	0.22964849	5	4	0	2	3	0	3	0	0	0	1	0	0	1	0	2	0	0	0	1
those/D	-0.13478906011094596	0.024724984558982605	D	4	1.0318749	4	0	0	4	0	0	0	0	0	0	0	NA	NA	NA	NA	NA	NA	NA	NA	NA
tiber/N	0.480960063722286	-0.2038600909818908	N	1	4.079539	0	1	0	0	0	0	1	0	0	0	0	0	0	0	0	1	0	0	0	0
to/J	-0.17935852458551407	0.03947879207675708	J	1	0	1	0	0	0	1	0	0	0	0	0	0	NA	NA	NA	NA	NA	NA	NA	NA	NA
top/N	-0.25821448209899256	-0.22051042715989683	N	2	1.2761782	0	2	0	0	0	0	2	0	0	0	0	0	0	0	0	2	0	0	0	0
touch/N	-0.38103612965357875	-0.006384196206771973	N	1	0.9225383	0	1	0	0	0	0	0	0	0	1	0	0	0	0	0	0	0	0	1	0
tower/N	-0.002521544819802173	-0.4028890878384733	N	1	3.0987093	0	1	0	0	0	0	1	0	0	0	0	0	0	0	0	1	0	0	0	0
tradition/N	-0.013532152314770764	0.1593881094045826	N	3	1.6292522	0	3	1	2	0	0	0	0	0	0	0	1	2	0	0	0	0	0	0	0
traditional/J	-0.022193839478185557	0.15744284213787937	J	1	1.5145893	0	1	0	1	0	0	0	0	0	0	0	0	1	0	0	0	0	0	0	0
training/N	-0.102983189034203	0.14074671072367165	N	2	0.9873605	0	2	0	0	2	0	0	0	0	0	0	0	0	2	0	0	0	0	0	0
trend/N	-0.10928140141333793	0.21757218491029676	N	1	0.8808656	1	0	0	1	0	0	0	0	0	0	0	NA	NA	NA	NA	NA	NA	NA	NA	NA
trip/N	-0.12293028142748398	-0.19603182997247412	N	1	0.43474174	0	1	0	0	0	0	0	0	0	0	1	0	0	0	0	0	0	0	0	1
trouble/N	-0.318058539529486	-0.07361582887358392	N	1	0.036487408	1	0	0	1	0	0	0	0	0	0	0	NA	NA	NA	NA	NA	NA	NA	NA	NA
try/V	-0.22769232646527054	-0.08668342596055681	V	1	0.024570396	1	0	0	0	1	0	0	0	0	0	0	NA	NA	NA	NA	NA	NA	NA	NA	NA
turn/V	-0.22756886318641492	-0.11691884819423047	V	2	0	2	0	0	0	1	0	0	0	0	0	1	NA	NA	NA	NA	NA	NA	NA	NA	NA
unbroken/J	0.19010270859369963	-0.34425542021658173	J	1	2.8267758	1	0	1	0	0	0	0	0	0	0	0	NA	NA	NA	NA	NA	NA	NA	NA	NA
unitarian/N	0.37647847743594454	0.17334887908045812	N	2	3.2686086	0	2	0	1	1	0	0	0	0	0	0	0	1	1	0	0	0	0	0	0
unite/V	0.21200901648625786	0.19422886182012206	V	3	3.232241	0	3	0	3	0	0	0	0	0	0	0	0	3	0	0	0	0	0	0	0
unity/N	0.0512606983808425	0.15812033193046415	N	1	2.9589474	1	0	0	0	0	0	1	0	0	0	0	NA	NA	NA	NA	NA	NA	NA	NA	NA
university/N	-0.02923279382162983	0.04125207939868535	N	2	0.7647468	0	2	2	0	0	0	0	0	0	0	0	2	0	0	0	0	0	0	0	0
unnatural/J	0.4297679059367192	0.2673912442050137	J	1	3.3863914	1	0	0	1	0	0	0	0	0	0	0	NA	NA	NA	NA	NA	NA	NA	NA	NA
up/V	-0.20556303942275836	-0.10454181794912144	V	4	0.20671861	3	1	0	1	0	0	1	0	1	0	1	0	0	0	0	1	0	0	0	0
urge/V	0.06446427752824507	-0.02130189967616718	V	1	1.6371917	1	0	0	1	0	0	0	0	0	0	0	NA	NA	NA	NA	NA	NA	NA	NA	NA
use/V	-0.21942215633544132	0.025747548127776684	V	1	0	1	0	0	0	0	0	1	0	0	0	0	NA	NA	NA	NA	NA	NA	NA	NA	NA
various/J	-0.09939527347644248	0.10028035807180519	J	2	1.7938818	0	2	0	1	1	0	0	0	0	0	0	0	1	1	0	0	0	0	0	0
vast/J	-0.21311890524118474	0.18771052712354228	J	1	1.0033791	0	1	0	0	0	0	1	0	0	0	0	0	0	0	0	1	0	0	0	0
vehicle/N	-0.2322738697364317	0.19658316469040793	N	1	0.47268307	1	0	0	0	1	0	0	0	0	0	0	NA	NA	NA	NA	NA	NA	NA	NA	NA
venerable/J	0.4540936034852001	0.07910820899671142	J	1	3.3863914	1	0	0	1	0	0	0	0	0	0	0	NA	NA	NA	NA	NA	NA	NA	NA	NA
verplanck/N	0.47047226593185093	-0.15679079820784578	N	1	4.772686	1	0	0	0	0	0	1	0	0	0	0	NA	NA	NA	NA	NA	NA	NA	NA	NA
vigor/N	0.36226372229982196	-0.14213879153934703	N	1	3.519923	0	1	0	0	0	0	0	1	0	0	0	0	0	0	0	0	1	0	0	0
visible/J	-0.12137407818100276	-0.3217935135898125	J	1	1.476849	0	1	1	0	0	0	0	0	0	0	0	1	0	0	0	0	0	0	0	0
vital/J	-0.025107316109491025	0.23734403755778974	J	2	1.7895324	2	0	0	0	0	0	0	0	0	2	0	NA	NA	NA	NA	NA	NA	NA	NA	NA
vitality/N	-0.006953616320509448	0.4251957155486973	N	1	2.8447943	0	1	0	0	0	0	0	1	0	0	0	0	0	0	0	0	1	0	0	0
wales/N	0.3429988461287174	-0.2335745014791792	N	2	3.925388	0	2	0	2	0	0	0	0	0	0	0	0	2	0	0	0	0	0	0	0
wall/N	-0.254856047974032	-0.1673627681540288	N	1	0.22408602	1	0	0	0	0	0	1	0	0	0	0	NA	NA	NA	NA	NA	NA	NA	NA	NA
wall/V	0.5042461683157424	-0.022214767802576123	V	1	4.772686	0	1	0	0	0	0	1	0	0	0	0	0	0	0	0	1	0	0	0	0
want/V	-0.18942670888139723	-0.11186129999838995	V	2	0.32206643	2	0	0	1	0	0	0	0	1	0	0	NA	NA	NA	NA	NA	NA	NA	NA	NA
warehouse/N	0.08429382771829286	-0.42998315476005755	N	1	2.6932442	0	1	0	0	0	0	1	0	0	0	0	0	0	0	0	1	0	0	0	0
way/N	-0.19720170764336134	-0.021119393847617886	N	1	0	1	0	1	0	0	0	0	0	0	0	0	NA	NA	NA	NA	NA	NA	NA	NA	NA
well-established/J	0.5085419381725469	-0.06966865210858153	J	1	4.772686	0	1	0	0	1	0	0	0	0	0	0	0	0	1	0	0	0	0	0	0
well-kept/J	0.3033966320385366	-0.31668364877717514	J	1	3.3863914	0	1	0	0	0	0	1	0	0	0	0	0	0	0	0	1	0	0	0	0
white/J	-0.229659205436003	-0.17808730298162656	J	2	1.027111	0	2	0	0	0	0	2	0	0	0	0	0	0	0	0	2	0	0	0	0
white/N	-0.1051412517803572	-0.13713245646790437	N	2	1.1065634	1	1	0	0	0	0	2	0	0	0	0	0	0	0	0	1	0	0	0	0
wilson/N	-0.042177316424486015	-0.2425611083974959	N	2	1.7971563	2	0	0	0	0	0	2	0	0	0	0	NA	NA	NA	NA	NA	NA	NA	NA	NA
woman/N	-0.11188564744174033	-0.08577759273271059	N	2	1.1789759	1	1	0	0	1	0	0	0	1	0	0	0	0	0	0	0	0	1	0	0
word/N	-0.19867365040789944	0.004683618659040532	N	1	0	0	1	0	0	0	0	0	0	0	0	1	0	0	0	0	0	0	0	0	1
world/N	-0.12495561032049687	0.0297751843163864	N	2	0.038770717	2	0	0	2	0	0	0	0	0	0	0	NA	NA	NA	NA	NA	NA	NA	NA	NA
worship/N	0.169785684897779	0.224470603901876	N	1	2.9268591	1	0	0	0	0	0	0	0	0	0	1	NA	NA	NA	NA	NA	NA	NA	NA	NA
write/V	-0.09297535330785464	-0.032097880790570826	V	1	0.6330493	1	0	0	0	1	0	0	0	0	0	0	NA	NA	NA	NA	NA	NA	NA	NA	NA
year/N	-0.12409635676894888	9.52287131652041e-4	N	4	0.066642486	4	0	0	1	2	0	0	0	1	0	0	NA	NA	NA	NA	NA	NA	NA	NA	NA
yes/N	0.2041303259330876	-0.4187819910092966	N	1	3.163248	1	0	0	0	0	0	1	0	0	0	0	NA	NA	NA	NA	NA	NA	NA	NA	NA
